sequence,phase,action,required_state,status,rollback
1,LIVE_RECHECK,"Require live main HEAD to equal initial publication commit 43ee755c380e4d98371b1e6667f687b35a2f8521; recheck tag, release, branch protection, and rulesets.",EXACT_BASELINE_AND_UNUSED_RELEASE_IDENTIFIERS,PENDING_SEPARATE_ACTION_AUTHORIZATION,STOP_WITHOUT_CHANGES
2,INTEGRITY_RESTORE,Add target-local .gitattributes and restore all eleven CSV files to controlling byte streams.,11_OF_11_INDEX_BLOBS_MATCH_CONTROLLING_SHA1,PREPARED,RESET_LOCAL_CHANGES_BEFORE_PUSH
3,INTEGRITY_COMMIT,Create exact-byte integrity-restoration commit and record its SHA.,ONLY_STAGE_1_PATHS_CHANGED,PREPARED,RESET_LOCAL_COMMIT_BEFORE_PUSH
4,METADATA_BIND,"Set first public release date to 2026-08-04, bind the integrity commit SHA in mutable release metadata, and regenerate hash inventories/manifests.",NO_LOCKED_ARTIFACT_CHANGE,PREPARED,RESET_LOCAL_METADATA_COMMIT_BEFORE_PUSH
5,METADATA_COMMIT,Create metadata-binding commit and use its exact SHA as the GitHub release target.,ONLY_AUTHORIZED_MUTABLE_WRAPPERS_CHANGED,PREPARED,RESET_LOCAL_COMMITS_BEFORE_PUSH
6,PUSH,Push both commits to main only after all local verifications pass.,REMOTE_FAST_FORWARD_ACCEPTS_EXACT_FINAL_COMMIT,PENDING_SEPARATE_ACTION_AUTHORIZATION,APPROVED_REVERT_ONLY; NEVER_FORCE_PUSH
7,POST_PUSH_VERIFY,"Sparse-clone public main and verify all manifests, all 14 PDFs, and all exact machine-readable sources.",PASS,PENDING_SEPARATE_ACTION_AUTHORIZATION,REVERT_IF_MATERIAL_DEFECT
8,DRAFT_RELEASE,Create draft release interrogative-conscience-core-v1.0 targeting the metadata-binding commit.,TAG_UNUSED_AND_TARGET_EXACT,PENDING_SEPARATE_ACTION_AUTHORIZATION,DELETE_DRAFT_RELEASE_AND_UNUSED_TAG
9,ASSET_UPLOAD,"Upload the 433,058,687-byte continuity ZIP, redownload it, and verify SHA-256 and SHA-512.",DUAL_HASH_PASS,PENDING_SEPARATE_ACTION_AUTHORIZATION,DELETE_BAD_ASSET; KEEP_RELEASE_DRAFT
10,RELEASE_PUBLISH,Publish release only after repository and asset verification pass.,ALL_GATES_PASS,PENDING_SEPARATE_ACTION_AUTHORIZATION,DOCUMENT_AND_CORRECT; DO_NOT_REWRITE_LOCKED_FILES
