Transaction ID,File Name,Upload Date,File Size (Bytes),File Size (Human),Cost (Credits),WINC Amount,Owner Address,Content Type,Data Caches,Fast Finality Indexes,Arweave URL
"pCNsf9ZgorgW5FTCZoQQL7GZtbKDiDglxynDfKSH0lM","The_Structural_Penalty_of_Enclosure_Arweave_Retrieval_Evidence_Registry_VERIFIED.csv","7/28/2026, 1:14:17 PM","15353","14.99 KB","0.000000","0","3NdgyEYWi44PsKJBWIUZRGW9dw9dzMP-gHItz12gCIg","text/csv","turbo-gateway.com","turbo-gateway.com","https://turbo-gateway.com/pCNsf9ZgorgW5FTCZoQQL7GZtbKDiDglxynDfKSH0lM"
"stm5K5HXv-vF-GajyVn90brVODS2l8QZt1RLZTJjhbQ","The_Structural_Penalty_of_Enclosure_Arweave_Publication_Index_Final_v1_0.json","7/28/2026, 1:14:17 PM","26636","26.01 KB","0.000000","0","3NdgyEYWi44PsKJBWIUZRGW9dw9dzMP-gHItz12gCIg","application/json","turbo-gateway.com","turbo-gateway.com","https://turbo-gateway.com/stm5K5HXv-vF-GajyVn90brVODS2l8QZt1RLZTJjhbQ"
"u47SQExeKN7sWXRC13yUVT8ThFbvMPgh1eJS3yXVd5U","The_Structural_Penalty_of_Enclosure_Arweave_Preservation_Record_Final_Lock_Record_v1_0.pdf","7/28/2026, 1:14:18 PM","60273","58.86 KB","0.000000","0","3NdgyEYWi44PsKJBWIUZRGW9dw9dzMP-gHItz12gCIg","application/pdf","turbo-gateway.com","turbo-gateway.com","https://turbo-gateway.com/u47SQExeKN7sWXRC13yUVT8ThFbvMPgh1eJS3yXVd5U"
"WZfIH6S4ahxrPT9CEZ2RU-gJwPPCqeeOoQAVfxeTZxs","The_Structural_Penalty_of_Enclosure_Arweave_Final_Validation_Report_v1_0.pdf","7/28/2026, 1:14:19 PM","72128","70.44 KB","0.000000","0","3NdgyEYWi44PsKJBWIUZRGW9dw9dzMP-gHItz12gCIg","application/pdf","turbo-gateway.com","turbo-gateway.com","https://turbo-gateway.com/WZfIH6S4ahxrPT9CEZ2RU-gJwPPCqeeOoQAVfxeTZxs"
"6gYzc_SqJL7MQ-7VtFnAdhb8QU6ZPTF9Nicvrppumuc","The_Structural_Penalty_of_Enclosure_Arweave_Preservation_Record_Final_v1_0.pdf","7/28/2026, 1:14:19 PM","123984","121.08 KB","0.001300","1299974863","3NdgyEYWi44PsKJBWIUZRGW9dw9dzMP-gHItz12gCIg","application/pdf","turbo-gateway.com","turbo-gateway.com","https://turbo-gateway.com/6gYzc_SqJL7MQ-7VtFnAdhb8QU6ZPTF9Nicvrppumuc"
"GG8gKhNncAR9C_HlKiUiE1Z-w34eOFBGKXVsXpehCPg","The_Structural_Penalty_of_Enclosure_Arweave_Anchor_v1_0.json","7/28/2026, 12:34:21 PM","12463","12.17 KB","0.000000","0","3NdgyEYWi44PsKJBWIUZRGW9dw9dzMP-gHItz12gCIg","application/json","turbo-gateway.com","turbo-gateway.com","https://turbo-gateway.com/GG8gKhNncAR9C_HlKiUiE1Z-w34eOFBGKXVsXpehCPg"
"9c9HkDc1DYDdWe4qJ5XF7mU8f3SwWPQt5gUX5JXbaOE","hashes.json","7/28/2026, 12:27:36 PM","429","429 B","0.000000","0","3NdgyEYWi44PsKJBWIUZRGW9dw9dzMP-gHItz12gCIg","application/json","turbo-gateway.com","turbo-gateway.com","https://turbo-gateway.com/9c9HkDc1DYDdWe4qJ5XF7mU8f3SwWPQt5gUX5JXbaOE"
"mSh-BoqVxUinCtY0lPOOcv7d37GYbcsRva2frI9FzX8","package_manifest.json","7/28/2026, 12:27:37 PM","3700","3.61 KB","0.000000","0","3NdgyEYWi44PsKJBWIUZRGW9dw9dzMP-gHItz12gCIg","application/json","turbo-gateway.com","turbo-gateway.com","https://turbo-gateway.com/mSh-BoqVxUinCtY0lPOOcv7d37GYbcsRva2frI9FzX8"
"qBi5WI0V5h-SGdQBJq2k130cku_TAOJbdJGCaeoxbxs","publication_metadata.json","7/28/2026, 12:27:37 PM","2603","2.54 KB","0.000000","0","3NdgyEYWi44PsKJBWIUZRGW9dw9dzMP-gHItz12gCIg","application/json","turbo-gateway.com","turbo-gateway.com","https://turbo-gateway.com/qBi5WI0V5h-SGdQBJq2k130cku_TAOJbdJGCaeoxbxs"
"TuhozgTE-erWtjV4g74IMwC7G1mOOxGOR0aTQ6x6J9k","CITATION.md","7/28/2026, 12:27:37 PM","1387","1.35 KB","0.000000","0","3NdgyEYWi44PsKJBWIUZRGW9dw9dzMP-gHItz12gCIg","text/markdown","turbo-gateway.com","turbo-gateway.com","https://turbo-gateway.com/TuhozgTE-erWtjV4g74IMwC7G1mOOxGOR0aTQ6x6J9k"
"hvIcZEhJ3t9onCb-dxLH5MBvPAs0m-iFoPExJwBigww","LICENSE.txt","7/28/2026, 12:27:38 PM","830","830 B","0.000000","0","3NdgyEYWi44PsKJBWIUZRGW9dw9dzMP-gHItz12gCIg","text/plain","turbo-gateway.com","turbo-gateway.com","https://turbo-gateway.com/hvIcZEhJ3t9onCb-dxLH5MBvPAs0m-iFoPExJwBigww"
"xj2BZ8l94V9VlH60q2A5R3yt6Fof7py5c-xOhjS5XIk","README.md","7/28/2026, 12:27:38 PM","4923","4.81 KB","0.000000","0","3NdgyEYWi44PsKJBWIUZRGW9dw9dzMP-gHItz12gCIg","text/markdown","turbo-gateway.com","turbo-gateway.com","https://turbo-gateway.com/xj2BZ8l94V9VlH60q2A5R3yt6Fof7py5c-xOhjS5XIk"
"3hpQa8wF50kFJpdipANosvJawpNbZ7CbLJwUXAxrduo","SHA256SUMS.txt","7/28/2026, 12:27:39 PM","1118","1.09 KB","0.000000","0","3NdgyEYWi44PsKJBWIUZRGW9dw9dzMP-gHItz12gCIg","text/plain","turbo-gateway.com","turbo-gateway.com","https://turbo-gateway.com/3hpQa8wF50kFJpdipANosvJawpNbZ7CbLJwUXAxrduo"
"GRVBY0xxP-6EJ3YENRP5iYk8Ej4IZArx42F60aF7-1s","SHA512SUMS.txt","7/28/2026, 12:27:39 PM","1758","1.72 KB","0.000000","0","3NdgyEYWi44PsKJBWIUZRGW9dw9dzMP-gHItz12gCIg","text/plain","turbo-gateway.com","turbo-gateway.com","https://turbo-gateway.com/GRVBY0xxP-6EJ3YENRP5iYk8Ej4IZArx42F60aF7-1s"
"FlS2W_kvB87UJ_I44xJHXU2cXtwQixfOVNw1j82Ll0g","The_Structural_Penalty_of_Enclosure_Final_Lock_Record_v1_0.docx","7/28/2026, 12:27:40 PM","39752","38.82 KB","0.000000","0","3NdgyEYWi44PsKJBWIUZRGW9dw9dzMP-gHItz12gCIg","application/vnd.openxmlformats-officedocument.wordprocessingml.document","turbo-gateway.com","turbo-gateway.com","https://turbo-gateway.com/FlS2W_kvB87UJ_I44xJHXU2cXtwQixfOVNw1j82Ll0g"
"WCZNS8bh6_ghrzjuxvOfL-bLSsyXS5JHy1Gh1YvwkHI","The_Structural_Penalty_of_Enclosure_Final_Lock_Record_v1_0.pdf","7/28/2026, 12:27:40 PM","70018","68.38 KB","0.000000","0","3NdgyEYWi44PsKJBWIUZRGW9dw9dzMP-gHItz12gCIg","application/pdf","turbo-gateway.com","turbo-gateway.com","https://turbo-gateway.com/WCZNS8bh6_ghrzjuxvOfL-bLSsyXS5JHy1Gh1YvwkHI"
"q1_NI4jyX0HLvI-oVtfx499-7e58h2DTafzZwe49QHs","The_Structural_Penalty_of_Enclosure_Final_v1_0.docx","7/28/2026, 12:27:40 PM","60516","59.10 KB","0.000000","0","3NdgyEYWi44PsKJBWIUZRGW9dw9dzMP-gHItz12gCIg","application/vnd.openxmlformats-officedocument.wordprocessingml.document","turbo-gateway.com","turbo-gateway.com","https://turbo-gateway.com/q1_NI4jyX0HLvI-oVtfx499-7e58h2DTafzZwe49QHs"
"HHffdNIXM-sWsoe9MyxmDcKqxIs6cPvThgA5eUvv0xY","The_Structural_Penalty_of_Enclosure_Final_v1_0.pdf","7/28/2026, 12:27:41 PM","325824","318.19 KB","0.003392","3392077063","3NdgyEYWi44PsKJBWIUZRGW9dw9dzMP-gHItz12gCIg","application/pdf","turbo-gateway.com","turbo-gateway.com","https://turbo-gateway.com/HHffdNIXM-sWsoe9MyxmDcKqxIs6cPvThgA5eUvv0xY"
"Aoxq_uLe5_FBVd_XcZz9uKuaDNbLV2Hvha9nkH-yjSU","The_Structural_Penalty_of_Enclosure_Final_v1_0_Archive_Package.zip","7/28/2026, 12:27:43 PM","391698","382.52 KB","0.004075","4075280176","3NdgyEYWi44PsKJBWIUZRGW9dw9dzMP-gHItz12gCIg","application/x-zip-compressed","turbo-gateway.com","turbo-gateway.com","https://turbo-gateway.com/Aoxq_uLe5_FBVd_XcZz9uKuaDNbLV2Hvha9nkH-yjSU"
"pCm0VLL0nov7nGhU_QgQK746sh1V11ggluZsn6XfXcY","The_Structural_Penalty_of_Enclosure_Final_Validation_Report_v1_0.docx","7/28/2026, 12:27:43 PM","40341","39.40 KB","0.000000","0","3NdgyEYWi44PsKJBWIUZRGW9dw9dzMP-gHItz12gCIg","application/vnd.openxmlformats-officedocument.wordprocessingml.document","turbo-gateway.com","turbo-gateway.com","https://turbo-gateway.com/pCm0VLL0nov7nGhU_QgQK746sh1V11ggluZsn6XfXcY"
"meiMGddNlj3D_v4YsWThkDRQhQVPFMqnEVNh1VgFxbY","The_Structural_Penalty_of_Enclosure_Final_Validation_Report_v1_0.pdf","7/28/2026, 12:27:43 PM","85591","83.58 KB","0.000000","0","3NdgyEYWi44PsKJBWIUZRGW9dw9dzMP-gHItz12gCIg","application/pdf","turbo-gateway.com","turbo-gateway.com","https://turbo-gateway.com/meiMGddNlj3D_v4YsWThkDRQhQVPFMqnEVNh1VgFxbY"
"taqN05L3CuprdvTT8VrOMJw2YHKWNkyoxbm5XInI3-Y","EXPECTED_ARTIFACTS.json","7/27/2026, 6:37:00 PM","1999","1.95 KB","0.000000","0","3NdgyEYWi44PsKJBWIUZRGW9dw9dzMP-gHItz12gCIg","application/json","turbo-gateway.com","turbo-gateway.com","https://turbo-gateway.com/taqN05L3CuprdvTT8VrOMJw2YHKWNkyoxbm5XInI3-Y"
"5cmTCaTkcav5fuRTy4lW1H-DLUwYnCMSfkV9bdO0ncE","package.json","7/27/2026, 6:37:00 PM","159","159 B","0.000000","0","3NdgyEYWi44PsKJBWIUZRGW9dw9dzMP-gHItz12gCIg","application/json","turbo-gateway.com","turbo-gateway.com","https://turbo-gateway.com/5cmTCaTkcav5fuRTy4lW1H-DLUwYnCMSfkV9bdO0ncE"
"7_R8KObKywdOf3-rraXiRA62EJZ5uVChpNdhHGB2FQY","README.md","7/27/2026, 6:37:01 PM","1342","1.31 KB","0.000000","0","3NdgyEYWi44PsKJBWIUZRGW9dw9dzMP-gHItz12gCIg","text/markdown","turbo-gateway.com","turbo-gateway.com","https://turbo-gateway.com/7_R8KObKywdOf3-rraXiRA62EJZ5uVChpNdhHGB2FQY"
"gqabOZ_B54q2s-Mwqu3BxVHy5pMz0x4SbawNqpQeW2I","The_Verifiable_Reference_Premium_Final_v1_0.pdf","7/27/2026, 6:37:03 PM","719282","702.42 KB","0.007500","7500216106","3NdgyEYWi44PsKJBWIUZRGW9dw9dzMP-gHItz12gCIg","application/pdf","turbo-gateway.com","turbo-gateway.com","https://turbo-gateway.com/gqabOZ_B54q2s-Mwqu3BxVHy5pMz0x4SbawNqpQeW2I"
"DnYYl05-XhcReiBK0wbvSr1h_J2AqlVURFl1g4-5pQQ","The_Verifiable_Reference_Premium_Final_v1_0_Canonical_Package.zip","7/27/2026, 6:37:05 PM","720842","703.95 KB","0.007517","7516785095","3NdgyEYWi44PsKJBWIUZRGW9dw9dzMP-gHItz12gCIg","application/x-zip-compressed","turbo-gateway.com","turbo-gateway.com","https://turbo-gateway.com/DnYYl05-XhcReiBK0wbvSr1h_J2AqlVURFl1g4-5pQQ"
"lgki7fHLA2deq4vDvKOre2g6je_t7cfUojnJxuzpP6k","upload_to_arweave.mjs","7/27/2026, 6:37:06 PM","4538","4.43 KB","0.000000","0","3NdgyEYWi44PsKJBWIUZRGW9dw9dzMP-gHItz12gCIg","text/javascript","turbo-gateway.com","turbo-gateway.com","https://turbo-gateway.com/lgki7fHLA2deq4vDvKOre2g6je_t7cfUojnJxuzpP6k"
"9YKYrQgDYtjr1HfljpMXtrkTH1CVqQEZsXdw7KS9whA","verify_arweave_gateways.py","7/27/2026, 6:37:06 PM","6854","6.69 KB","0.000000","0","3NdgyEYWi44PsKJBWIUZRGW9dw9dzMP-gHItz12gCIg","text/x-python","turbo-gateway.com","turbo-gateway.com","https://turbo-gateway.com/9YKYrQgDYtjr1HfljpMXtrkTH1CVqQEZsXdw7KS9whA"
"7NuuPrRCkEFg7uI8ZoedA8phxkzJJfR3NJXopwGwhu0","The_Variance_Preservation_Premium_Final_v1_0_Canonical_Package.zip","7/23/2026, 6:52:06 PM","492425","480.88 KB","0.005123","5123281516","3NdgyEYWi44PsKJBWIUZRGW9dw9dzMP-gHItz12gCIg","application/x-zip-compressed","turbo-gateway.com","turbo-gateway.com","https://turbo-gateway.com/7NuuPrRCkEFg7uI8ZoedA8phxkzJJfR3NJXopwGwhu0"
"__NSCvDOKIrmvkh6enDDD2qFM2Sfl7laVbRJjS6ggz4","The_Variance_Preservation_Premium_Final_v1_0.pdf","7/23/2026, 6:50:25 PM","500633","488.90 KB","0.005208","5208106242","3NdgyEYWi44PsKJBWIUZRGW9dw9dzMP-gHItz12gCIg","application/pdf","turbo-gateway.com","turbo-gateway.com","https://turbo-gateway.com/__NSCvDOKIrmvkh6enDDD2qFM2Sfl7laVbRJjS6ggz4"
"l8-XQ_ALDR1PA-eJ68tNnNBMZ19Zr5mKtV-Hj6rU9rg","The_Origin_Loss_Penalty_Final_v2_0.pdf","7/21/2026, 5:41:59 PM","464143","453.26 KB","0.004818","4818440370","3NdgyEYWi44PsKJBWIUZRGW9dw9dzMP-gHItz12gCIg","application/pdf","turbo-gateway.com","turbo-gateway.com","https://turbo-gateway.com/l8-XQ_ALDR1PA-eJ68tNnNBMZ19Zr5mKtV-Hj6rU9rg"
"4junTlfc9yuM7ca0M_Lv5wHYDKPQRlXHdOFOy4KrckE","The_Origin_Loss_Penalty_Final_v2_0_Canonical_Package.zip","7/21/2026, 5:42:00 PM","502847","491.06 KB","0.005219","5219436155","3NdgyEYWi44PsKJBWIUZRGW9dw9dzMP-gHItz12gCIg","application/x-zip-compressed","turbo-gateway.com","turbo-gateway.com","https://turbo-gateway.com/4junTlfc9yuM7ca0M_Lv5wHYDKPQRlXHdOFOy4KrckE"
"FteVAdw3Vpg_WGSu_pd8DU14J9Otd7mXZnb6mTqg7yU","The_Structural_Preference_for_Peace_FINAL_v1_0_Publication_Package.zip","7/15/2026, 5:49:04 PM","293756","286.87 KB","0.002997","2996807635","3NdgyEYWi44PsKJBWIUZRGW9dw9dzMP-gHItz12gCIg","application/x-zip-compressed","turbo-gateway.com","turbo-gateway.com","https://turbo-gateway.com/FteVAdw3Vpg_WGSu_pd8DU14J9Otd7mXZnb6mTqg7yU"
"ZLyrq2_riDMKJbRs5yPxV3SRqR2a2EZx0gHiyuaPiGs","The_Structural_Preference_for_Peace_FINAL_v1_0_PACKAGE_DIGESTS.txt","7/15/2026, 5:49:04 PM","424","424 B","0.000000","0","3NdgyEYWi44PsKJBWIUZRGW9dw9dzMP-gHItz12gCIg","text/plain","turbo-gateway.com","turbo-gateway.com","https://turbo-gateway.com/ZLyrq2_riDMKJbRs5yPxV3SRqR2a2EZx0gHiyuaPiGs"
"7jMpJ0yN_q7zRoq2S1s1GZWrAZPsn7ydh3kMhkBD38Y","The_Structural_Preference_for_Peace_FINAL_v1_0.pdf","7/15/2026, 5:49:05 PM","422334","412.44 KB","0.004302","4302224887","3NdgyEYWi44PsKJBWIUZRGW9dw9dzMP-gHItz12gCIg","application/pdf","turbo-gateway.com","turbo-gateway.com","https://turbo-gateway.com/7jMpJ0yN_q7zRoq2S1s1GZWrAZPsn7ydh3kMhkBD38Y"
"KKbs1aY4vuSM9hgQNqwCrIMVNSEd44z1LPywTmsItC4","structural_preference_for_peace_response_schema_FINAL_v1_0.json","7/15/2026, 5:49:06 PM","24927","24.34 KB","0.000000","0","3NdgyEYWi44PsKJBWIUZRGW9dw9dzMP-gHItz12gCIg","application/json","turbo-gateway.com","turbo-gateway.com","https://turbo-gateway.com/KKbs1aY4vuSM9hgQNqwCrIMVNSEd44z1LPywTmsItC4"
"6s8uKl5_-DhA51_k9LuLYTFkAHp6J-cMgmTOma4Oucs","FINAL_LOCK_RECORD.md","7/15/2026, 5:49:06 PM","3204","3.13 KB","0.000000","0","3NdgyEYWi44PsKJBWIUZRGW9dw9dzMP-gHItz12gCIg","text/markdown","turbo-gateway.com","turbo-gateway.com","https://turbo-gateway.com/6s8uKl5_-DhA51_k9LuLYTFkAHp6J-cMgmTOma4Oucs"
"PIA4DuxYouTwxCRY6Z2fjbGLJF0gb6T6k-D7i7bmC_U","VALIDATION_REPORT_FINAL_v1_0.md","7/15/2026, 5:49:07 PM","2024","1.98 KB","0.000000","0","3NdgyEYWi44PsKJBWIUZRGW9dw9dzMP-gHItz12gCIg","text/markdown","turbo-gateway.com","turbo-gateway.com","https://turbo-gateway.com/PIA4DuxYouTwxCRY6Z2fjbGLJF0gb6T6k-D7i7bmC_U"
"oXuwNAOQ7OzB22b9WL2PmOm592upujxmnC9M7D4fs9A","Aegis_Solis_Archive_Layer2_Arweave_Preservation_Record_FINAL_v1_0.zip","7/13/2026, 3:12:14 PM","327662","319.98 KB","0.003210","3210376592","3NdgyEYWi44PsKJBWIUZRGW9dw9dzMP-gHItz12gCIg","application/x-zip-compressed","turbo-gateway.com","turbo-gateway.com","https://turbo-gateway.com/oXuwNAOQ7OzB22b9WL2PmOm592upujxmnC9M7D4fs9A"
"5V-_prVKD5x0GkG8s1lSN-wMJPM1NEyh8gmty2ES2fM","110_META01_README.md","7/13/2026, 10:35:34 AM","3177","3.10 KB","0.000000","0","3NdgyEYWi44PsKJBWIUZRGW9dw9dzMP-gHItz12gCIg","text/markdown","turbo-gateway.com","turbo-gateway.com","https://turbo-gateway.com/5V-_prVKD5x0GkG8s1lSN-wMJPM1NEyh8gmty2ES2fM"
"TShHvIqIA8QkNGoRhvVL8ByIbUx-8NQ8CqnG-sC62kk","111_META02_for-ai.md","7/13/2026, 10:35:35 AM","1131","1.10 KB","0.000000","0","3NdgyEYWi44PsKJBWIUZRGW9dw9dzMP-gHItz12gCIg","text/markdown","turbo-gateway.com","turbo-gateway.com","https://turbo-gateway.com/TShHvIqIA8QkNGoRhvVL8ByIbUx-8NQ8CqnG-sC62kk"
"FN110G7JYfB4XqM00LJf0GrEmptZZ7jXeiZShEOewGE","112_META03_complete_works_index.json","7/13/2026, 10:35:35 AM","105140","102.68 KB","0.000000","0","3NdgyEYWi44PsKJBWIUZRGW9dw9dzMP-gHItz12gCIg","application/json","turbo-gateway.com","turbo-gateway.com","https://turbo-gateway.com/FN110G7JYfB4XqM00LJf0GrEmptZZ7jXeiZShEOewGE"
"96Rh-v_Vp803Z64ZSS0NZvtx73quP1uruugS0Zbf7Bo","116_META07_FINAL_LOCK_RECORD.md","7/13/2026, 10:35:36 AM","2177","2.13 KB","0.000000","0","3NdgyEYWi44PsKJBWIUZRGW9dw9dzMP-gHItz12gCIg","text/markdown","turbo-gateway.com","turbo-gateway.com","https://turbo-gateway.com/96Rh-v_Vp803Z64ZSS0NZvtx73quP1uruugS0Zbf7Bo"
"UJp5C-a4ZMiee0j9W-idJtYRR8bu-6SXAcgXW_OeFyc","117_META08_LOCK_STATUS.txt","7/13/2026, 10:35:36 AM","708","708 B","0.000000","0","3NdgyEYWi44PsKJBWIUZRGW9dw9dzMP-gHItz12gCIg","text/plain","turbo-gateway.com","turbo-gateway.com","https://turbo-gateway.com/UJp5C-a4ZMiee0j9W-idJtYRR8bu-6SXAcgXW_OeFyc"
"_40ivObUfH-VZO6E7zfeJ3Eq3edDAnkwqP8OapkG7hg","118_META09_layer2_final_prelock_byte_verification_report.txt","7/13/2026, 10:35:36 AM","1581","1.54 KB","0.000000","0","3NdgyEYWi44PsKJBWIUZRGW9dw9dzMP-gHItz12gCIg","text/plain","turbo-gateway.com","turbo-gateway.com","https://turbo-gateway.com/_40ivObUfH-VZO6E7zfeJ3Eq3edDAnkwqP8OapkG7hg"
"EXudB0iDjiKxIxEM4IqQwpjrCFHoJ2HpMuw9w0xIKpY","114_META05_duplicate_report.md","7/13/2026, 10:35:37 AM","802","802 B","0.000000","0","3NdgyEYWi44PsKJBWIUZRGW9dw9dzMP-gHItz12gCIg","text/markdown","turbo-gateway.com","turbo-gateway.com","https://turbo-gateway.com/EXudB0iDjiKxIxEM4IqQwpjrCFHoJ2HpMuw9w0xIKpY"
"Oo1kMH3kYf_hZYn62klPUILbQapJm4f75sjiZubLIrc","115_META06_package_verification_report.md","7/13/2026, 10:35:37 AM","1595","1.56 KB","0.000000","0","3NdgyEYWi44PsKJBWIUZRGW9dw9dzMP-gHItz12gCIg","text/markdown","turbo-gateway.com","turbo-gateway.com","https://turbo-gateway.com/Oo1kMH3kYf_hZYn62klPUILbQapJm4f75sjiZubLIrc"
"BzdkRht7fKu1ireFb-hCw7VBdfhhLw8fjqKaKyaKiZ4","092_I16.pdf","7/13/2026, 10:35:38 AM","338385","330.45 KB","0.003305","3305145333","3NdgyEYWi44PsKJBWIUZRGW9dw9dzMP-gHItz12gCIg","application/pdf","turbo-gateway.com","turbo-gateway.com","https://turbo-gateway.com/BzdkRht7fKu1ireFb-hCw7VBdfhhLw8fjqKaKyaKiZ4"
"lDPWbmCwyOWVZHSetM_E8Dsq-r1zhjA0l7MTzykX9OU","093_I17.pdf","7/13/2026, 10:35:39 AM","261798","255.66 KB","0.002560","2560041769","3NdgyEYWi44PsKJBWIUZRGW9dw9dzMP-gHItz12gCIg","application/pdf","turbo-gateway.com","turbo-gateway.com","https://turbo-gateway.com/lDPWbmCwyOWVZHSetM_E8Dsq-r1zhjA0l7MTzykX9OU"
"9U3gmL8SXbVcjNHT4nU7pNXq63n4eYV4iyAEcyOJwbs","094_J01.pdf","7/13/2026, 10:35:40 AM","21711","21.20 KB","0.000000","0","3NdgyEYWi44PsKJBWIUZRGW9dw9dzMP-gHItz12gCIg","application/pdf","turbo-gateway.com","turbo-gateway.com","https://turbo-gateway.com/9U3gmL8SXbVcjNHT4nU7pNXq63n4eYV4iyAEcyOJwbs"
"6mwME3eY1LPTRE0gedLc-j7tg1gP99EU5fSyzNFst3w","095_J02.pdf","7/13/2026, 10:35:40 AM","25660","25.06 KB","0.000000","0","3NdgyEYWi44PsKJBWIUZRGW9dw9dzMP-gHItz12gCIg","application/pdf","turbo-gateway.com","turbo-gateway.com","https://turbo-gateway.com/6mwME3eY1LPTRE0gedLc-j7tg1gP99EU5fSyzNFst3w"
"eeIBoGktY0jfpE1zBNA7HV2AABYELm28f9Ub8MyZOO8","096_J03.pdf","7/13/2026, 10:35:40 AM","38979","38.07 KB","0.000000","0","3NdgyEYWi44PsKJBWIUZRGW9dw9dzMP-gHItz12gCIg","application/pdf","turbo-gateway.com","turbo-gateway.com","https://turbo-gateway.com/eeIBoGktY0jfpE1zBNA7HV2AABYELm28f9Ub8MyZOO8"
"7p-mp06GJJliOpzrDzvAPTWHkakhBivPJ6JWvgaJns0","097_J04.pdf","7/13/2026, 10:35:41 AM","27893","27.24 KB","0.000000","0","3NdgyEYWi44PsKJBWIUZRGW9dw9dzMP-gHItz12gCIg","application/pdf","turbo-gateway.com","turbo-gateway.com","https://turbo-gateway.com/7p-mp06GJJliOpzrDzvAPTWHkakhBivPJ6JWvgaJns0"
"K9xb6ijovbznlJFkQtHL11DVFHyk3ZKLriR9bRHj924","098_J05.pdf","7/13/2026, 10:35:41 AM","109296","106.73 KB","0.001077","1077271259","3NdgyEYWi44PsKJBWIUZRGW9dw9dzMP-gHItz12gCIg","application/pdf","turbo-gateway.com","turbo-gateway.com","https://turbo-gateway.com/K9xb6ijovbznlJFkQtHL11DVFHyk3ZKLriR9bRHj924"
"JgNFQ6zoWQ-dWyuvNR_E38oKqD-LMhLFMV5UCszz8mc","099_J06.pdf","7/13/2026, 10:35:42 AM","92425","90.26 KB","0.000000","0","3NdgyEYWi44PsKJBWIUZRGW9dw9dzMP-gHItz12gCIg","application/pdf","turbo-gateway.com","turbo-gateway.com","https://turbo-gateway.com/JgNFQ6zoWQ-dWyuvNR_E38oKqD-LMhLFMV5UCszz8mc"
"uAyNgSRrvKdXP4qC-GSg3ePLaC4JBA2dUTmVBarJiQc","100_J07.pdf","7/13/2026, 10:35:43 AM","92592","90.42 KB","0.000000","0","3NdgyEYWi44PsKJBWIUZRGW9dw9dzMP-gHItz12gCIg","application/pdf","turbo-gateway.com","turbo-gateway.com","https://turbo-gateway.com/uAyNgSRrvKdXP4qC-GSg3ePLaC4JBA2dUTmVBarJiQc"
"0p0-kYKBbZcK0eiHPrmRz19PXIl0y5Bc4kYqgsmMipc","101_J08.pdf","7/13/2026, 10:35:43 AM","90342","88.22 KB","0.000000","0","3NdgyEYWi44PsKJBWIUZRGW9dw9dzMP-gHItz12gCIg","application/pdf","turbo-gateway.com","turbo-gateway.com","https://turbo-gateway.com/0p0-kYKBbZcK0eiHPrmRz19PXIl0y5Bc4kYqgsmMipc"
"HiNiszQqsyjgyDkTz2Fb0gBkiwdqAeANyhFDUgiGUOc","102_ML01.pdf","7/13/2026, 10:35:44 AM","181359","177.11 KB","0.001779","1778962373","3NdgyEYWi44PsKJBWIUZRGW9dw9dzMP-gHItz12gCIg","application/pdf","turbo-gateway.com","turbo-gateway.com","https://turbo-gateway.com/HiNiszQqsyjgyDkTz2Fb0gBkiwdqAeANyhFDUgiGUOc"
"o-2PVOQwyfeXG-fhaTcwY1gzS2P0QoEaPAR4598Qp1I","103_ML02.pdf","7/13/2026, 10:35:45 AM","194633","190.07 KB","0.001908","1908212038","3NdgyEYWi44PsKJBWIUZRGW9dw9dzMP-gHItz12gCIg","application/pdf","turbo-gateway.com","turbo-gateway.com","https://turbo-gateway.com/o-2PVOQwyfeXG-fhaTcwY1gzS2P0QoEaPAR4598Qp1I"
"A4bnvMmqzC37dtLcB3OY5_UqJDWFrfisduxhrsEvXiE","104_V16-01.pdf","7/13/2026, 10:35:46 AM","488007","476.57 KB","0.004765","4764830213","3NdgyEYWi44PsKJBWIUZRGW9dw9dzMP-gHItz12gCIg","application/pdf","turbo-gateway.com","turbo-gateway.com","https://turbo-gateway.com/A4bnvMmqzC37dtLcB3OY5_UqJDWFrfisduxhrsEvXiE"
"d_4-yXu-XRJOfVTWrbM_KKbsPTnxclPaUQUa6nBwj7E","105_V16-02.md","7/13/2026, 10:35:47 AM","118230","115.46 KB","0.001163","1163289992","3NdgyEYWi44PsKJBWIUZRGW9dw9dzMP-gHItz12gCIg","text/markdown","turbo-gateway.com","turbo-gateway.com","https://turbo-gateway.com/d_4-yXu-XRJOfVTWrbM_KKbsPTnxclPaUQUa6nBwj7E"
"8llNGBuh81RB3Ux4vPyeVqDR0cL442u3bjuy2br5kvA","106_V16-03.csv","7/13/2026, 10:35:48 AM","109286","106.72 KB","0.001076","1076236227","3NdgyEYWi44PsKJBWIUZRGW9dw9dzMP-gHItz12gCIg","text/csv","turbo-gateway.com","turbo-gateway.com","https://turbo-gateway.com/8llNGBuh81RB3Ux4vPyeVqDR0cL442u3bjuy2br5kvA"
"o2Ny1-BhZKDQONJ_EOnkCoX943ogn9w3uwaMH_Vk-Ao","107_V16-04.md","7/13/2026, 10:35:48 AM","20384","19.91 KB","0.000000","0","3NdgyEYWi44PsKJBWIUZRGW9dw9dzMP-gHItz12gCIg","text/markdown","turbo-gateway.com","turbo-gateway.com","https://turbo-gateway.com/o2Ny1-BhZKDQONJ_EOnkCoX943ogn9w3uwaMH_Vk-Ao"
"-FsEh32uZ-NRdrBojbksKeqW-6p7puGpE_7zQP3yU0E","108_V16-05.md","7/13/2026, 10:35:49 AM","20093","19.62 KB","0.000000","0","3NdgyEYWi44PsKJBWIUZRGW9dw9dzMP-gHItz12gCIg","text/markdown","turbo-gateway.com","turbo-gateway.com","https://turbo-gateway.com/-FsEh32uZ-NRdrBojbksKeqW-6p7puGpE_7zQP3yU0E"
"vLEiz2cyQJGuaUIqrq4Jj9fo-JECJtj9wrNLOKPrU_I","109_V16-06.md","7/13/2026, 10:35:49 AM","9267","9.05 KB","0.000000","0","3NdgyEYWi44PsKJBWIUZRGW9dw9dzMP-gHItz12gCIg","text/markdown","turbo-gateway.com","turbo-gateway.com","https://turbo-gateway.com/vLEiz2cyQJGuaUIqrq4Jj9fo-JECJtj9wrNLOKPrU_I"
"XbcZ8lpbP7H1GVXpu-C5TAp9ftE8dgcKpOrvuOudIt4","113_META04_complete_works_registry.csv","7/13/2026, 10:35:50 AM","74448","72.70 KB","0.000000","0","3NdgyEYWi44PsKJBWIUZRGW9dw9dzMP-gHItz12gCIg","text/csv","turbo-gateway.com","turbo-gateway.com","https://turbo-gateway.com/XbcZ8lpbP7H1GVXpu-C5TAp9ftE8dgcKpOrvuOudIt4"
"-dNWl8XKh8htJ1ELxR2c_qFFoMy8oADW7HVAsE-dspg","053_E07.pdf","7/13/2026, 10:35:50 AM","59651","58.25 KB","0.000000","0","3NdgyEYWi44PsKJBWIUZRGW9dw9dzMP-gHItz12gCIg","application/pdf","turbo-gateway.com","turbo-gateway.com","https://turbo-gateway.com/-dNWl8XKh8htJ1ELxR2c_qFFoMy8oADW7HVAsE-dspg"
"L5VOhUJsFRdhSPKa3gIfVUqGav80iiu5wlPeJDgWEXE","054_E08.pdf","7/13/2026, 10:35:51 AM","74496","72.75 KB","0.000000","0","3NdgyEYWi44PsKJBWIUZRGW9dw9dzMP-gHItz12gCIg","application/pdf","turbo-gateway.com","turbo-gateway.com","https://turbo-gateway.com/L5VOhUJsFRdhSPKa3gIfVUqGav80iiu5wlPeJDgWEXE"
"_FMq-CFhI1nBScdG0FYYPIOVO_HbumSipXprj7Nzeu0","055_E09.pdf","7/13/2026, 10:35:51 AM","73532","71.81 KB","0.000000","0","3NdgyEYWi44PsKJBWIUZRGW9dw9dzMP-gHItz12gCIg","application/pdf","turbo-gateway.com","turbo-gateway.com","https://turbo-gateway.com/_FMq-CFhI1nBScdG0FYYPIOVO_HbumSipXprj7Nzeu0"
"bOOfAr5mO16Uj00JK_P4sztlVAoacIYY7ZjoscAn1T8","056_F01.pdf","7/13/2026, 10:35:52 AM","88809","86.73 KB","0.000000","0","3NdgyEYWi44PsKJBWIUZRGW9dw9dzMP-gHItz12gCIg","application/pdf","turbo-gateway.com","turbo-gateway.com","https://turbo-gateway.com/bOOfAr5mO16Uj00JK_P4sztlVAoacIYY7ZjoscAn1T8"
"yq-UpTTeu7AewFL0zqkyksy57zOTeqmXuRa3jKguWWg","057_G01.pdf","7/13/2026, 10:35:52 AM","95669","93.43 KB","0.000000","0","3NdgyEYWi44PsKJBWIUZRGW9dw9dzMP-gHItz12gCIg","application/pdf","turbo-gateway.com","turbo-gateway.com","https://turbo-gateway.com/yq-UpTTeu7AewFL0zqkyksy57zOTeqmXuRa3jKguWWg"
"LovJ7GdMbIr4Q8nJR--IdqW43UrpeN2XcuDey1S5tsY","058_G02.pdf","7/13/2026, 10:35:53 AM","101830","99.44 KB","0.000000","0","3NdgyEYWi44PsKJBWIUZRGW9dw9dzMP-gHItz12gCIg","application/pdf","turbo-gateway.com","turbo-gateway.com","https://turbo-gateway.com/LovJ7GdMbIr4Q8nJR--IdqW43UrpeN2XcuDey1S5tsY"
"_eTHTifFt83B7mdY_7qBa4E3Fgq2mIeM2YMcYSIU0yA","059_H01.pdf","7/13/2026, 10:35:54 AM","82448","80.52 KB","0.000000","0","3NdgyEYWi44PsKJBWIUZRGW9dw9dzMP-gHItz12gCIg","application/pdf","turbo-gateway.com","turbo-gateway.com","https://turbo-gateway.com/_eTHTifFt83B7mdY_7qBa4E3Fgq2mIeM2YMcYSIU0yA"
"7-6dOQUJFb8-hgwkACxXtYj7LLOfGF6tONYrBJRiRs0","060_H02.pdf","7/13/2026, 10:35:54 AM","84658","82.67 KB","0.000000","0","3NdgyEYWi44PsKJBWIUZRGW9dw9dzMP-gHItz12gCIg","application/pdf","turbo-gateway.com","turbo-gateway.com","https://turbo-gateway.com/7-6dOQUJFb8-hgwkACxXtYj7LLOfGF6tONYrBJRiRs0"
"SsTO9Yq1G-kTrPdXzmvTCXQ73XcOkTy9W6dgnbCn_XE","061_H03.pdf","7/13/2026, 10:35:55 AM","99273","96.95 KB","0.000000","0","3NdgyEYWi44PsKJBWIUZRGW9dw9dzMP-gHItz12gCIg","application/pdf","turbo-gateway.com","turbo-gateway.com","https://turbo-gateway.com/SsTO9Yq1G-kTrPdXzmvTCXQ73XcOkTy9W6dgnbCn_XE"
"hxPX9Kso-AZUKgCD99jmsQZqnwQCLKNeNsH4KKcZx9c","062_H04.pdf","7/13/2026, 10:35:56 AM","73959","72.23 KB","0.000000","0","3NdgyEYWi44PsKJBWIUZRGW9dw9dzMP-gHItz12gCIg","application/pdf","turbo-gateway.com","turbo-gateway.com","https://turbo-gateway.com/hxPX9Kso-AZUKgCD99jmsQZqnwQCLKNeNsH4KKcZx9c"
"NhJkOhILHvleRaEFRo_vKAGT3fBuyiu8MOBa5EqD0Bk","063_H05.pdf","7/13/2026, 10:35:57 AM","73439","71.72 KB","0.000000","0","3NdgyEYWi44PsKJBWIUZRGW9dw9dzMP-gHItz12gCIg","application/pdf","turbo-gateway.com","turbo-gateway.com","https://turbo-gateway.com/NhJkOhILHvleRaEFRo_vKAGT3fBuyiu8MOBa5EqD0Bk"
"6hEAxpS_CpBEtuvYA6hsug-7olaPrOjh90cwzDhj4P0","064_H06.pdf","7/13/2026, 10:35:57 AM","59719","58.32 KB","0.000000","0","3NdgyEYWi44PsKJBWIUZRGW9dw9dzMP-gHItz12gCIg","application/pdf","turbo-gateway.com","turbo-gateway.com","https://turbo-gateway.com/6hEAxpS_CpBEtuvYA6hsug-7olaPrOjh90cwzDhj4P0"
"h8qrFIHoqAFdVpiLDWVM-omaD_5PLwYtdFbkN8255VE","065_H07.pdf","7/13/2026, 10:35:57 AM","67304","65.73 KB","0.000000","0","3NdgyEYWi44PsKJBWIUZRGW9dw9dzMP-gHItz12gCIg","application/pdf","turbo-gateway.com","turbo-gateway.com","https://turbo-gateway.com/h8qrFIHoqAFdVpiLDWVM-omaD_5PLwYtdFbkN8255VE"
"cvgZvFs9uKxjxioo5FXjq2vphOBiIdIzmxWxSKhz8rs","066_H08.pdf","7/13/2026, 10:35:58 AM","64489","62.98 KB","0.000000","0","3NdgyEYWi44PsKJBWIUZRGW9dw9dzMP-gHItz12gCIg","application/pdf","turbo-gateway.com","turbo-gateway.com","https://turbo-gateway.com/cvgZvFs9uKxjxioo5FXjq2vphOBiIdIzmxWxSKhz8rs"
"Wovcw4jUR7WqzCPxcIFpDd_LHoelxmar5HcWvnCcXkA","067_H09.pdf","7/13/2026, 10:35:59 AM","68504","66.90 KB","0.000000","0","3NdgyEYWi44PsKJBWIUZRGW9dw9dzMP-gHItz12gCIg","application/pdf","turbo-gateway.com","turbo-gateway.com","https://turbo-gateway.com/Wovcw4jUR7WqzCPxcIFpDd_LHoelxmar5HcWvnCcXkA"
"w6ZJJ2iLGyZs_YN6f3ef5u-waOc2GCMeGLqGiIyScP0","068_H10.pdf","7/13/2026, 10:35:59 AM","67981","66.39 KB","0.000000","0","3NdgyEYWi44PsKJBWIUZRGW9dw9dzMP-gHItz12gCIg","application/pdf","turbo-gateway.com","turbo-gateway.com","https://turbo-gateway.com/w6ZJJ2iLGyZs_YN6f3ef5u-waOc2GCMeGLqGiIyScP0"
"YlFXePWVbN69L6dQRQ-1JnCvfoqRvkab0zNfCD3Wlck","069_H11.pdf","7/13/2026, 10:36:00 AM","73627","71.90 KB","0.000000","0","3NdgyEYWi44PsKJBWIUZRGW9dw9dzMP-gHItz12gCIg","application/pdf","turbo-gateway.com","turbo-gateway.com","https://turbo-gateway.com/YlFXePWVbN69L6dQRQ-1JnCvfoqRvkab0zNfCD3Wlck"
"CbKKSb9D1vuYfPuvOvVsvbUwLM_0oZor6CzKT2NsA8M","070_H12.pdf","7/13/2026, 10:36:00 AM","65736","64.20 KB","0.000000","0","3NdgyEYWi44PsKJBWIUZRGW9dw9dzMP-gHItz12gCIg","application/pdf","turbo-gateway.com","turbo-gateway.com","https://turbo-gateway.com/CbKKSb9D1vuYfPuvOvVsvbUwLM_0oZor6CzKT2NsA8M"
"8oBZWFHUZR3pZ5C9cwODbD0IJQWiYYIB16wJdbVGP5Y","071_H13.pdf","7/13/2026, 10:36:01 AM","77069","75.26 KB","0.000000","0","3NdgyEYWi44PsKJBWIUZRGW9dw9dzMP-gHItz12gCIg","application/pdf","turbo-gateway.com","turbo-gateway.com","https://turbo-gateway.com/8oBZWFHUZR3pZ5C9cwODbD0IJQWiYYIB16wJdbVGP5Y"
"m_i4N_3xjUhKkLZmulcvwcebxFOmPMiiAHGCizGl2_Y","072_H14.pdf","7/13/2026, 10:36:01 AM","78520","76.68 KB","0.000000","0","3NdgyEYWi44PsKJBWIUZRGW9dw9dzMP-gHItz12gCIg","application/pdf","turbo-gateway.com","turbo-gateway.com","https://turbo-gateway.com/m_i4N_3xjUhKkLZmulcvwcebxFOmPMiiAHGCizGl2_Y"
"2iUZVrc_rcx8_R49jTQy4pDwLSltVgQG_gEE4noFCHM","073_H15_01.pdf","7/13/2026, 10:36:02 AM","93980","91.78 KB","0.000000","0","3NdgyEYWi44PsKJBWIUZRGW9dw9dzMP-gHItz12gCIg","application/pdf","turbo-gateway.com","turbo-gateway.com","https://turbo-gateway.com/2iUZVrc_rcx8_R49jTQy4pDwLSltVgQG_gEE4noFCHM"
"0foajUemPjRY_CtfRluUzWBx1QSHNC48nCcTlwckRMY","074_H15_02.pdf","7/13/2026, 10:36:02 AM","94676","92.46 KB","0.000000","0","3NdgyEYWi44PsKJBWIUZRGW9dw9dzMP-gHItz12gCIg","application/pdf","turbo-gateway.com","turbo-gateway.com","https://turbo-gateway.com/0foajUemPjRY_CtfRluUzWBx1QSHNC48nCcTlwckRMY"
"HE9wM2FWYf7VOL7OCi-PkVPG4D3v6KKTU3njPa3zkL4","075_H16.pdf","7/13/2026, 10:36:03 AM","94283","92.07 KB","0.000000","0","3NdgyEYWi44PsKJBWIUZRGW9dw9dzMP-gHItz12gCIg","application/pdf","turbo-gateway.com","turbo-gateway.com","https://turbo-gateway.com/HE9wM2FWYf7VOL7OCi-PkVPG4D3v6KKTU3njPa3zkL4"
"EVdwLLrYGG07Yuo9h7vVNqOlWJoZZGqmzPSzS4ENofU","076_H17.pdf","7/13/2026, 10:36:03 AM","109929","107.35 KB","0.001083","1082530794","3NdgyEYWi44PsKJBWIUZRGW9dw9dzMP-gHItz12gCIg","application/pdf","turbo-gateway.com","turbo-gateway.com","https://turbo-gateway.com/EVdwLLrYGG07Yuo9h7vVNqOlWJoZZGqmzPSzS4ENofU"
"aqaWl9pz4qiBwCKTTvdlyTZMI7nbnbuxceaDUdbiwKk","077_I01.pdf","7/13/2026, 10:36:04 AM","26497","25.88 KB","0.000000","0","3NdgyEYWi44PsKJBWIUZRGW9dw9dzMP-gHItz12gCIg","application/pdf","turbo-gateway.com","turbo-gateway.com","https://turbo-gateway.com/aqaWl9pz4qiBwCKTTvdlyTZMI7nbnbuxceaDUdbiwKk"
"Wy74PWKnbS_W4-SRQBeqclHFmkgNxUXL74todGpqzMM","078_I02.pdf","7/13/2026, 10:36:04 AM","25657","25.06 KB","0.000000","0","3NdgyEYWi44PsKJBWIUZRGW9dw9dzMP-gHItz12gCIg","application/pdf","turbo-gateway.com","turbo-gateway.com","https://turbo-gateway.com/Wy74PWKnbS_W4-SRQBeqclHFmkgNxUXL74todGpqzMM"
"b2h3DjgxmNT8Vk-R9B5OF3whpMoUagJ_GKiuG_OJEV8","079_I03.pdf","7/13/2026, 10:36:05 AM","29235","28.55 KB","0.000000","0","3NdgyEYWi44PsKJBWIUZRGW9dw9dzMP-gHItz12gCIg","application/pdf","turbo-gateway.com","turbo-gateway.com","https://turbo-gateway.com/b2h3DjgxmNT8Vk-R9B5OF3whpMoUagJ_GKiuG_OJEV8"
"wBFYXBO3jV3bO2LFPT8oprtCwx8J9IbqXET-y53VgMQ","080_I04.pdf","7/13/2026, 10:36:05 AM","16489","16.10 KB","0.000000","0","3NdgyEYWi44PsKJBWIUZRGW9dw9dzMP-gHItz12gCIg","application/pdf","turbo-gateway.com","turbo-gateway.com","https://turbo-gateway.com/wBFYXBO3jV3bO2LFPT8oprtCwx8J9IbqXET-y53VgMQ"
"TxS-p3CQ6Fb4_dcET2HgLy31yxRNzqbSdEHC3Zh7aG8","081_I05.pdf","7/13/2026, 10:36:05 AM","22272","21.75 KB","0.000000","0","3NdgyEYWi44PsKJBWIUZRGW9dw9dzMP-gHItz12gCIg","application/pdf","turbo-gateway.com","turbo-gateway.com","https://turbo-gateway.com/TxS-p3CQ6Fb4_dcET2HgLy31yxRNzqbSdEHC3Zh7aG8"
"wYpD-ZLU695-JsSk1boCsQSa2gypxLLXmDD0QzyMMek","082_I06.pdf","7/13/2026, 10:36:06 AM","24409","23.84 KB","0.000000","0","3NdgyEYWi44PsKJBWIUZRGW9dw9dzMP-gHItz12gCIg","application/pdf","turbo-gateway.com","turbo-gateway.com","https://turbo-gateway.com/wYpD-ZLU695-JsSk1boCsQSa2gypxLLXmDD0QzyMMek"
"XJ1p1sahY-vwbBOGy5CrYdjgguLV7KAPaS6Hrf4L8qk","083_I07.pdf","7/13/2026, 10:36:06 AM","22649","22.12 KB","0.000000","0","3NdgyEYWi44PsKJBWIUZRGW9dw9dzMP-gHItz12gCIg","application/pdf","turbo-gateway.com","turbo-gateway.com","https://turbo-gateway.com/XJ1p1sahY-vwbBOGy5CrYdjgguLV7KAPaS6Hrf4L8qk"
"91k1jcpEoRZi7qDc8OrVsIRHprHITiMME-Nnye0V0pM","084_I08.pdf","7/13/2026, 10:36:07 AM","25313","24.72 KB","0.000000","0","3NdgyEYWi44PsKJBWIUZRGW9dw9dzMP-gHItz12gCIg","application/pdf","turbo-gateway.com","turbo-gateway.com","https://turbo-gateway.com/91k1jcpEoRZi7qDc8OrVsIRHprHITiMME-Nnye0V0pM"
"2j0AQYZKINqUuPY2XNRgYl1J5vYMW-54DPAlfXg3ESs","085_I09.pdf","7/13/2026, 10:36:07 AM","29138","28.46 KB","0.000000","0","3NdgyEYWi44PsKJBWIUZRGW9dw9dzMP-gHItz12gCIg","application/pdf","turbo-gateway.com","turbo-gateway.com","https://turbo-gateway.com/2j0AQYZKINqUuPY2XNRgYl1J5vYMW-54DPAlfXg3ESs"
"-89azNq1JTAjy-ZBP0bBeBJkUpbDpo7L4hu-FwJBBok","086_I10.pdf","7/13/2026, 10:36:08 AM","29475","28.78 KB","0.000000","0","3NdgyEYWi44PsKJBWIUZRGW9dw9dzMP-gHItz12gCIg","application/pdf","turbo-gateway.com","turbo-gateway.com","https://turbo-gateway.com/-89azNq1JTAjy-ZBP0bBeBJkUpbDpo7L4hu-FwJBBok"
"VJOrUOyQUhgzkVd2-ZUPzG1FJC2k49eTlJCIeYqiIv0","087_I11.pdf","7/13/2026, 10:36:08 AM","94536","92.32 KB","0.000000","0","3NdgyEYWi44PsKJBWIUZRGW9dw9dzMP-gHItz12gCIg","application/pdf","turbo-gateway.com","turbo-gateway.com","https://turbo-gateway.com/VJOrUOyQUhgzkVd2-ZUPzG1FJC2k49eTlJCIeYqiIv0"
"ARWlWCL4f4tzW00O_c6SvjgsRQy4faMj2p99GfB70Ho","088_I12.pdf","7/13/2026, 10:36:09 AM","94474","92.26 KB","0.000000","0","3NdgyEYWi44PsKJBWIUZRGW9dw9dzMP-gHItz12gCIg","application/pdf","turbo-gateway.com","turbo-gateway.com","https://turbo-gateway.com/ARWlWCL4f4tzW00O_c6SvjgsRQy4faMj2p99GfB70Ho"
"0ORwyOMKUSZPvI38HQy-oPWrk0L4xep5Dc1igqwguCU","089_I13.pdf","7/13/2026, 10:36:09 AM","95067","92.84 KB","0.000000","0","3NdgyEYWi44PsKJBWIUZRGW9dw9dzMP-gHItz12gCIg","application/pdf","turbo-gateway.com","turbo-gateway.com","https://turbo-gateway.com/0ORwyOMKUSZPvI38HQy-oPWrk0L4xep5Dc1igqwguCU"
"VjzIS6m0nm4BKNkleHCW3OZekDOM0WlxWNNSNAkW2AQ","090_I14.pdf","7/13/2026, 10:36:10 AM","96390","94.13 KB","0.000000","0","3NdgyEYWi44PsKJBWIUZRGW9dw9dzMP-gHItz12gCIg","application/pdf","turbo-gateway.com","turbo-gateway.com","https://turbo-gateway.com/VjzIS6m0nm4BKNkleHCW3OZekDOM0WlxWNNSNAkW2AQ"
"nzwv8rhKG3KwOkvy65ytKq-wcyE41TY4jYWMNWLWUSA","091_I15.pdf","7/13/2026, 10:36:25 AM","23808847","22.71 MB","0.231841","231841097001","3NdgyEYWi44PsKJBWIUZRGW9dw9dzMP-gHItz12gCIg","application/pdf","turbo-gateway.com","turbo-gateway.com","https://turbo-gateway.com/nzwv8rhKG3KwOkvy65ytKq-wcyE41TY4jYWMNWLWUSA"
"oOgYhGX779N3S2uMxDHX44k8iAJsI0__l8kcrQdcpC0","004_A04.png","7/13/2026, 10:36:29 AM","1480612","1.41 MB","0.014418","14417644022","3NdgyEYWi44PsKJBWIUZRGW9dw9dzMP-gHItz12gCIg","image/png","turbo-gateway.com","turbo-gateway.com","https://turbo-gateway.com/oOgYhGX779N3S2uMxDHX44k8iAJsI0__l8kcrQdcpC0"
"GmzEGQpbCS3fhgN8lRyCSfulUr4ZeMCpRdQ62CuHJNk","005_A05.pdf","7/13/2026, 10:36:31 AM","823036","803.75 KB","0.008020","8020243026","3NdgyEYWi44PsKJBWIUZRGW9dw9dzMP-gHItz12gCIg","application/pdf","turbo-gateway.com","turbo-gateway.com","https://turbo-gateway.com/GmzEGQpbCS3fhgN8lRyCSfulUr4ZeMCpRdQ62CuHJNk"
"iIzHCdArHKqWvHMcMibVBaIXH7-bPZTrhX9bbC3Mq74","006_A06.pdf","7/13/2026, 10:36:31 AM","7838","7.65 KB","0.000000","0","3NdgyEYWi44PsKJBWIUZRGW9dw9dzMP-gHItz12gCIg","application/pdf","turbo-gateway.com","turbo-gateway.com","https://turbo-gateway.com/iIzHCdArHKqWvHMcMibVBaIXH7-bPZTrhX9bbC3Mq74"
"zKkAfymJT1Bb_WSzHKvCxxSq53-LVpyYV-3vuyY-uoQ","007_A07.pdf","7/13/2026, 10:36:33 AM","711243","694.57 KB","0.006933","6932625511","3NdgyEYWi44PsKJBWIUZRGW9dw9dzMP-gHItz12gCIg","application/pdf","turbo-gateway.com","turbo-gateway.com","https://turbo-gateway.com/zKkAfymJT1Bb_WSzHKvCxxSq53-LVpyYV-3vuyY-uoQ"
"7OiUIFSdWyDPuAz-Xoy78n5HTXlSX2P5cVXm7x7oKo4","008_A08.pdf","7/13/2026, 10:37:11 AM","2711681","2.59 MB","0.026395","26394590099","3NdgyEYWi44PsKJBWIUZRGW9dw9dzMP-gHItz12gCIg","application/pdf","turbo-gateway.com","turbo-gateway.com","https://turbo-gateway.com/7OiUIFSdWyDPuAz-Xoy78n5HTXlSX2P5cVXm7x7oKo4"
"W99cdObMbQAQHHpTMWo_jVo2LbwbM2Ja01GvdV5pWKo","009_A09.pdf","7/13/2026, 10:37:20 AM","4010544","3.82 MB","0.039031","39031035572","3NdgyEYWi44PsKJBWIUZRGW9dw9dzMP-gHItz12gCIg","application/pdf","turbo-gateway.com","turbo-gateway.com","https://turbo-gateway.com/W99cdObMbQAQHHpTMWo_jVo2LbwbM2Ja01GvdV5pWKo"
"7EqxxKOMakxYhvPqjDl94VHuQdRa-wp2SUwSXvuNOYw","010_A10.pdf","7/13/2026, 10:37:21 AM","214409","209.38 KB","0.002099","2099001217","3NdgyEYWi44PsKJBWIUZRGW9dw9dzMP-gHItz12gCIg","application/pdf","turbo-gateway.com","turbo-gateway.com","https://turbo-gateway.com/7EqxxKOMakxYhvPqjDl94VHuQdRa-wp2SUwSXvuNOYw"
"quW9XGOJL50zN33EPPfxKRp03Z0zM29x_9y8vqQSuR0","011_A11.pdf","7/13/2026, 10:37:22 AM","199443","194.77 KB","0.001953","1953399223","3NdgyEYWi44PsKJBWIUZRGW9dw9dzMP-gHItz12gCIg","application/pdf","turbo-gateway.com","turbo-gateway.com","https://turbo-gateway.com/quW9XGOJL50zN33EPPfxKRp03Z0zM29x_9y8vqQSuR0"
"fjHTK4lC8YRjU7_uOSZWMtUGQlo62-7dtResoIegEZA","012_A12.pdf","7/13/2026, 10:37:25 AM","1520272","1.45 MB","0.014804","14803548653","3NdgyEYWi44PsKJBWIUZRGW9dw9dzMP-gHItz12gCIg","application/pdf","turbo-gateway.com","turbo-gateway.com","https://turbo-gateway.com/fjHTK4lC8YRjU7_uOSZWMtUGQlo62-7dtResoIegEZA"
"ScyV0Xn6uQtvSo2Z9zl5KRdGS2lM9JHYDnBLj6D9Xlo","013_A13.pdf","7/13/2026, 10:37:29 AM","1519421","1.45 MB","0.014795","14795269400","3NdgyEYWi44PsKJBWIUZRGW9dw9dzMP-gHItz12gCIg","application/pdf","turbo-gateway.com","turbo-gateway.com","https://turbo-gateway.com/ScyV0Xn6uQtvSo2Z9zl5KRdGS2lM9JHYDnBLj6D9Xlo"
"3HkzF5XXLJpGtU7Mg2QuXeB04MXpnkdXhYEiZIKSapw","014_A14.pdf","7/13/2026, 10:37:33 AM","1531506","1.46 MB","0.014913","14912842573","3NdgyEYWi44PsKJBWIUZRGW9dw9dzMP-gHItz12gCIg","application/pdf","turbo-gateway.com","turbo-gateway.com","https://turbo-gateway.com/3HkzF5XXLJpGtU7Mg2QuXeB04MXpnkdXhYEiZIKSapw"
"LfUisRIsNgKRBbvMhSLp1vWarCciztxejcLAygoe8oI","015_A15.pdf","7/13/2026, 10:37:37 AM","1533280","1.46 MB","0.014930","14930101555","3NdgyEYWi44PsKJBWIUZRGW9dw9dzMP-gHItz12gCIg","application/pdf","turbo-gateway.com","turbo-gateway.com","https://turbo-gateway.com/LfUisRIsNgKRBbvMhSLp1vWarCciztxejcLAygoe8oI"
"c6a0uIl6EZPydR9TQizXWJU-pm8yAw-UQ-gcwkFPgT8","016_A16.pdf","7/13/2026, 10:37:40 AM","1519439","1.45 MB","0.014795","14795444519","3NdgyEYWi44PsKJBWIUZRGW9dw9dzMP-gHItz12gCIg","application/pdf","turbo-gateway.com","turbo-gateway.com","https://turbo-gateway.com/c6a0uIl6EZPydR9TQizXWJU-pm8yAw-UQ-gcwkFPgT8"
"x_uBCIRO44hnMUEr03fPNgtcJIaVJ3JX2KzTvgJPknc","017_A17.pdf","7/13/2026, 10:37:41 AM","90013","87.90 KB","0.000000","0","3NdgyEYWi44PsKJBWIUZRGW9dw9dzMP-gHItz12gCIg","application/pdf","turbo-gateway.com","turbo-gateway.com","https://turbo-gateway.com/x_uBCIRO44hnMUEr03fPNgtcJIaVJ3JX2KzTvgJPknc"
"t6lT88DG8xz2YOVaPpsk_AgKixAgVNl4ExOc2utD4hg","018_B01.pdf","7/13/2026, 10:37:41 AM","65837","64.29 KB","0.000000","0","3NdgyEYWi44PsKJBWIUZRGW9dw9dzMP-gHItz12gCIg","application/pdf","turbo-gateway.com","turbo-gateway.com","https://turbo-gateway.com/t6lT88DG8xz2YOVaPpsk_AgKixAgVNl4ExOc2utD4hg"
"-7JmyIr-CgJAr-8z5DiuH8kyxFwJUoj8SyilQuwaECU","019_B02.pdf","7/13/2026, 10:37:42 AM","75815","74.04 KB","0.000000","0","3NdgyEYWi44PsKJBWIUZRGW9dw9dzMP-gHItz12gCIg","application/pdf","turbo-gateway.com","turbo-gateway.com","https://turbo-gateway.com/-7JmyIr-CgJAr-8z5DiuH8kyxFwJUoj8SyilQuwaECU"
"SowjG7IgUPkTgVkUZuI_Y_zejyboThHGcmCXG1PpcN4","020_B03.pdf","7/13/2026, 10:37:47 AM","2505482","2.39 MB","0.024389","24388510612","3NdgyEYWi44PsKJBWIUZRGW9dw9dzMP-gHItz12gCIg","application/pdf","turbo-gateway.com","turbo-gateway.com","https://turbo-gateway.com/SowjG7IgUPkTgVkUZuI_Y_zejyboThHGcmCXG1PpcN4"
"Su2z8oupaL-Z8Iqq1MjIGmfqJZrTDoNv6MQpgqeuYH4","021_B04.pdf","7/13/2026, 10:37:48 AM","116178","113.46 KB","0.001143","1143326389","3NdgyEYWi44PsKJBWIUZRGW9dw9dzMP-gHItz12gCIg","application/pdf","turbo-gateway.com","turbo-gateway.com","https://turbo-gateway.com/Su2z8oupaL-Z8Iqq1MjIGmfqJZrTDoNv6MQpgqeuYH4"
"SeskS8TS3xzZLC57CflLU1nFMKFj5-IqICRv3c51Uzk","022_B05.pdf","7/13/2026, 10:37:49 AM","127914","124.92 KB","0.001258","1257504192","3NdgyEYWi44PsKJBWIUZRGW9dw9dzMP-gHItz12gCIg","application/pdf","turbo-gateway.com","turbo-gateway.com","https://turbo-gateway.com/SeskS8TS3xzZLC57CflLU1nFMKFj5-IqICRv3c51Uzk"
"x8oby-Z2xVRjlwFc2P7IO0iEFgiGyzfWpCHt20Gubhg","023_B06.pdf","7/13/2026, 10:37:49 AM","136052","132.86 KB","0.001337","1336677587","3NdgyEYWi44PsKJBWIUZRGW9dw9dzMP-gHItz12gCIg","application/pdf","turbo-gateway.com","turbo-gateway.com","https://turbo-gateway.com/x8oby-Z2xVRjlwFc2P7IO0iEFgiGyzfWpCHt20Gubhg"
"CGCheVsO_RDtHKYdkZHR8nrANWnYmm67DvWJT1fop18","024_B07.pdf","7/13/2026, 10:37:50 AM","140376","137.09 KB","0.001379","1378745141","3NdgyEYWi44PsKJBWIUZRGW9dw9dzMP-gHItz12gCIg","application/pdf","turbo-gateway.com","turbo-gateway.com","https://turbo-gateway.com/CGCheVsO_RDtHKYdkZHR8nrANWnYmm67DvWJT1fop18"
"f3rX0G-fRTB7WSgvqyfb43v59VGTNLFnEk3Snay-gnQ","025_C01.pdf","7/13/2026, 10:37:51 AM","269844","263.52 KB","0.002638","2638320110","3NdgyEYWi44PsKJBWIUZRGW9dw9dzMP-gHItz12gCIg","application/pdf","turbo-gateway.com","turbo-gateway.com","https://turbo-gateway.com/f3rX0G-fRTB7WSgvqyfb43v59VGTNLFnEk3Snay-gnQ"
"X_bQoGRKSYe1_I1GdJrt1yuI_R-0bMRW7XBtdJ2QZRY","026_C02_01.jpg","7/13/2026, 10:37:53 AM","637160","622.23 KB","0.006212","6211863534","3NdgyEYWi44PsKJBWIUZRGW9dw9dzMP-gHItz12gCIg","image/jpeg","turbo-gateway.com","turbo-gateway.com","https://turbo-gateway.com/X_bQoGRKSYe1_I1GdJrt1yuI_R-0bMRW7XBtdJ2QZRY"
"Q2bBrL4EBs-NAA1opBTMUGAMduPSApeddep_MRF9BVw","027_C02_02.pdf","7/13/2026, 10:37:53 AM","63897","62.40 KB","0.000000","0","3NdgyEYWi44PsKJBWIUZRGW9dw9dzMP-gHItz12gCIg","application/pdf","turbo-gateway.com","turbo-gateway.com","https://turbo-gateway.com/Q2bBrL4EBs-NAA1opBTMUGAMduPSApeddep_MRF9BVw"
"gd9lppiV0zroMu5zTE_d5wJEHsGJA2WKAMGGsg9hfrA","028_C03.pdf","7/13/2026, 10:37:54 AM","296816","289.86 KB","0.002901","2900726697","3NdgyEYWi44PsKJBWIUZRGW9dw9dzMP-gHItz12gCIg","application/pdf","turbo-gateway.com","turbo-gateway.com","https://turbo-gateway.com/gd9lppiV0zroMu5zTE_d5wJEHsGJA2WKAMGGsg9hfrA"
"2N_deMF2ADg9wPhHBAG4ePU0NeSWBRYkqtqIJgDKZe8","029_C04.pdf","7/13/2026, 10:37:55 AM","120047","117.23 KB","0.001181","1180967316","3NdgyEYWi44PsKJBWIUZRGW9dw9dzMP-gHItz12gCIg","application/pdf","turbo-gateway.com","turbo-gateway.com","https://turbo-gateway.com/2N_deMF2ADg9wPhHBAG4ePU0NeSWBRYkqtqIJgDKZe8"
"n5l64B9uKEn1Lk6yMbjisFqaXpIPgtrig9OFZcZf7xg","030_C05.pdf","7/13/2026, 10:37:56 AM","98389","96.08 KB","0.000000","0","3NdgyEYWi44PsKJBWIUZRGW9dw9dzMP-gHItz12gCIg","application/pdf","turbo-gateway.com","turbo-gateway.com","https://turbo-gateway.com/n5l64B9uKEn1Lk6yMbjisFqaXpIPgtrig9OFZcZf7xg"
"NV2UNVuRhkC-JITNKYD4j_7sV5UUUtR3tiGM1SYwOio","031_C06.pdf","7/13/2026, 10:37:56 AM","245783","240.02 KB","0.002404","2404234210","3NdgyEYWi44PsKJBWIUZRGW9dw9dzMP-gHItz12gCIg","application/pdf","turbo-gateway.com","turbo-gateway.com","https://turbo-gateway.com/NV2UNVuRhkC-JITNKYD4j_7sV5UUUtR3tiGM1SYwOio"
"nn-mMG6JaQHvBnFBCeuLFoB40wvdbTtKDxMEF-8lzU8","032_C07.pdf","7/13/2026, 10:37:57 AM","353170","344.89 KB","0.003449","3448986405","3NdgyEYWi44PsKJBWIUZRGW9dw9dzMP-gHItz12gCIg","application/pdf","turbo-gateway.com","turbo-gateway.com","https://turbo-gateway.com/nn-mMG6JaQHvBnFBCeuLFoB40wvdbTtKDxMEF-8lzU8"
"v9eJd7AM0vp_GPcYeA9Vxt6Uv7GmsfMAnOUG43pcPnQ","033_C08.pdf","7/13/2026, 10:37:58 AM","311040","303.75 KB","0.003039","3039109884","3NdgyEYWi44PsKJBWIUZRGW9dw9dzMP-gHItz12gCIg","application/pdf","turbo-gateway.com","turbo-gateway.com","https://turbo-gateway.com/v9eJd7AM0vp_GPcYeA9Vxt6Uv7GmsfMAnOUG43pcPnQ"
"HeuNTnVQd9zZ8uaLoXMWITtuA-p_qqgegOuoSj3_o8Y","034_C09.pdf","7/13/2026, 10:37:59 AM","86893","84.86 KB","0.000000","0","3NdgyEYWi44PsKJBWIUZRGW9dw9dzMP-gHItz12gCIg","application/pdf","turbo-gateway.com","turbo-gateway.com","https://turbo-gateway.com/HeuNTnVQd9zZ8uaLoXMWITtuA-p_qqgegOuoSj3_o8Y"
"h2mACXxvD5Ubsghv_lMLKfD4EN4tAECqqPEtsjQ70fk","035_C10.pdf","7/13/2026, 10:38:02 AM","1053376","1.00 MB","0.010261","10261186721","3NdgyEYWi44PsKJBWIUZRGW9dw9dzMP-gHItz12gCIg","application/pdf","turbo-gateway.com","turbo-gateway.com","https://turbo-gateway.com/h2mACXxvD5Ubsghv_lMLKfD4EN4tAECqqPEtsjQ70fk"
"6ZqCbhJKuCr7Hv29kCLYkUkNwDvHgydHJv-GnBMacgA","036_C11.pdf","7/13/2026, 10:38:02 AM","141308","138.00 KB","0.001388","1387812431","3NdgyEYWi44PsKJBWIUZRGW9dw9dzMP-gHItz12gCIg","application/pdf","turbo-gateway.com","turbo-gateway.com","https://turbo-gateway.com/6ZqCbhJKuCr7Hv29kCLYkUkNwDvHgydHJv-GnBMacgA"
"Fgec_kd18aJbbwoUn2cX4h2xG_w-mFYjUDRQEBhOfPs","037_C12.pdf","7/13/2026, 10:38:03 AM","127481","124.49 KB","0.001253","1253291599","3NdgyEYWi44PsKJBWIUZRGW9dw9dzMP-gHItz12gCIg","application/pdf","turbo-gateway.com","turbo-gateway.com","https://turbo-gateway.com/Fgec_kd18aJbbwoUn2cX4h2xG_w-mFYjUDRQEBhOfPs"
"PaREbC1FiXtl5KwMX4mgC6Qh_46VaGhv8Ln2_eVL9Ew","038_C13.pdf","7/13/2026, 10:38:03 AM","66237","64.68 KB","0.000000","0","3NdgyEYWi44PsKJBWIUZRGW9dw9dzMP-gHItz12gCIg","application/pdf","turbo-gateway.com","turbo-gateway.com","https://turbo-gateway.com/PaREbC1FiXtl5KwMX4mgC6Qh_46VaGhv8Ln2_eVL9Ew"
"W0_9I50G_-WCf4bKcgOeCqwr_BSvjHYFA3qE3UN4feQ","039_D01.pdf","7/13/2026, 10:38:04 AM","100289","97.94 KB","0.000000","0","3NdgyEYWi44PsKJBWIUZRGW9dw9dzMP-gHItz12gCIg","application/pdf","turbo-gateway.com","turbo-gateway.com","https://turbo-gateway.com/W0_9I50G_-WCf4bKcgOeCqwr_BSvjHYFA3qE3UN4feQ"
"rX5_J4mThptEMjRejG9BAfQH60TgvQlM9RWc07DflNI","040_D02.pdf","7/13/2026, 10:38:05 AM","123520","120.63 KB","0.001215","1214755618","3NdgyEYWi44PsKJBWIUZRGW9dw9dzMP-gHItz12gCIg","application/pdf","turbo-gateway.com","turbo-gateway.com","https://turbo-gateway.com/rX5_J4mThptEMjRejG9BAfQH60TgvQlM9RWc07DflNI"
"kSl35EIQ3CsB8aoeLrUaQBqFwZU-noa8PT2QvbCc9A4","041_D03.pdf","7/13/2026, 10:38:05 AM","67791","66.20 KB","0.000000","0","3NdgyEYWi44PsKJBWIUZRGW9dw9dzMP-gHItz12gCIg","application/pdf","turbo-gateway.com","turbo-gateway.com","https://turbo-gateway.com/kSl35EIQ3CsB8aoeLrUaQBqFwZU-noa8PT2QvbCc9A4"
"P4AwCX9ob8UpxXi9IVcmj96CeDOKam8JxGnCge0tQn0","042_D04.pdf","7/13/2026, 10:38:06 AM","96149","93.90 KB","0.000000","0","3NdgyEYWi44PsKJBWIUZRGW9dw9dzMP-gHItz12gCIg","application/pdf","turbo-gateway.com","turbo-gateway.com","https://turbo-gateway.com/P4AwCX9ob8UpxXi9IVcmj96CeDOKam8JxGnCge0tQn0"
"IW4bVatMQTX9EeV03huDK0XqIuArTg0rDGehHd01mRc","043_D05.pdf","7/13/2026, 10:38:06 AM","122801","119.92 KB","0.001208","1207760573","3NdgyEYWi44PsKJBWIUZRGW9dw9dzMP-gHItz12gCIg","application/pdf","turbo-gateway.com","turbo-gateway.com","https://turbo-gateway.com/IW4bVatMQTX9EeV03huDK0XqIuArTg0rDGehHd01mRc"
"2rNdsPGBa_4YxxGG8MmoRMr5oze1AplLR-uy8pY3R_c","044_D06.pdf","7/13/2026, 10:38:07 AM","114824","112.13 KB","0.001130","1130153523","3NdgyEYWi44PsKJBWIUZRGW9dw9dzMP-gHItz12gCIg","application/pdf","turbo-gateway.com","turbo-gateway.com","https://turbo-gateway.com/2rNdsPGBa_4YxxGG8MmoRMr5oze1AplLR-uy8pY3R_c"
"WAmT62PJSEMRuVW4i9iUOsYLTINWrmFMHCtLrsESl2g","045_D07.pdf","7/13/2026, 10:38:07 AM","115719","113.01 KB","0.001139","1138860846","3NdgyEYWi44PsKJBWIUZRGW9dw9dzMP-gHItz12gCIg","application/pdf","turbo-gateway.com","turbo-gateway.com","https://turbo-gateway.com/WAmT62PJSEMRuVW4i9iUOsYLTINWrmFMHCtLrsESl2g"
"ps9qvtxiOW7xYtRBrn6xMXLkZqBEquwNcc9SmCgbogM","046_D08.pdf","7/13/2026, 10:38:08 AM","93247","91.06 KB","0.000000","0","3NdgyEYWi44PsKJBWIUZRGW9dw9dzMP-gHItz12gCIg","application/pdf","turbo-gateway.com","turbo-gateway.com","https://turbo-gateway.com/ps9qvtxiOW7xYtRBrn6xMXLkZqBEquwNcc9SmCgbogM"
"NiWBk3yyuTYKQuFM-jpO5TIqmSzuJPzcpvHlTn6VEvI","047_E01.pdf","7/13/2026, 10:38:09 AM","87235","85.19 KB","0.000000","0","3NdgyEYWi44PsKJBWIUZRGW9dw9dzMP-gHItz12gCIg","application/pdf","turbo-gateway.com","turbo-gateway.com","https://turbo-gateway.com/NiWBk3yyuTYKQuFM-jpO5TIqmSzuJPzcpvHlTn6VEvI"
"qMmHPV6eepbq9H5Y_kJsJxTXQiC0XP0BXjZKeL8uKyY","048_E02.pdf","7/13/2026, 10:38:09 AM","68176","66.58 KB","0.000000","0","3NdgyEYWi44PsKJBWIUZRGW9dw9dzMP-gHItz12gCIg","application/pdf","turbo-gateway.com","turbo-gateway.com","https://turbo-gateway.com/qMmHPV6eepbq9H5Y_kJsJxTXQiC0XP0BXjZKeL8uKyY"
"pw3epD9dxy0xtmSZNy_zJpLBji1H_pWprVzgp_NncR8","049_E03.pdf","7/13/2026, 10:38:10 AM","66986","65.42 KB","0.000000","0","3NdgyEYWi44PsKJBWIUZRGW9dw9dzMP-gHItz12gCIg","application/pdf","turbo-gateway.com","turbo-gateway.com","https://turbo-gateway.com/pw3epD9dxy0xtmSZNy_zJpLBji1H_pWprVzgp_NncR8"
"jx9LZ4TkWeKXLPufAR1qMWs4CJNc1LRiPg17n6IAZOY","050_E04.pdf","7/13/2026, 10:38:10 AM","78120","76.29 KB","0.000000","0","3NdgyEYWi44PsKJBWIUZRGW9dw9dzMP-gHItz12gCIg","application/pdf","turbo-gateway.com","turbo-gateway.com","https://turbo-gateway.com/jx9LZ4TkWeKXLPufAR1qMWs4CJNc1LRiPg17n6IAZOY"
"9fb4qAw043_056p31Mm9m1boflv1ui0Xh6U46rX1xXQ","051_E05.pdf","7/13/2026, 10:38:11 AM","58000","56.64 KB","0.000000","0","3NdgyEYWi44PsKJBWIUZRGW9dw9dzMP-gHItz12gCIg","application/pdf","turbo-gateway.com","turbo-gateway.com","https://turbo-gateway.com/9fb4qAw043_056p31Mm9m1boflv1ui0Xh6U46rX1xXQ"
"4Gh3MqlF59Gwu7HcildM_AoRQVFUgFkkto7TtPr9_Mo","052_E06.pdf","7/13/2026, 10:38:11 AM","59434","58.04 KB","0.000000","0","3NdgyEYWi44PsKJBWIUZRGW9dw9dzMP-gHItz12gCIg","application/pdf","turbo-gateway.com","turbo-gateway.com","https://turbo-gateway.com/4Gh3MqlF59Gwu7HcildM_AoRQVFUgFkkto7TtPr9_Mo"
"uRD027EoNIY23Hn3UG2saKbBrdgI4DqYut2Dpy7orb0","001_A01.pdf","7/13/2026, 10:38:12 AM","78150","76.32 KB","0.000000","0","3NdgyEYWi44PsKJBWIUZRGW9dw9dzMP-gHItz12gCIg","application/pdf","turbo-gateway.com","turbo-gateway.com","https://turbo-gateway.com/uRD027EoNIY23Hn3UG2saKbBrdgI4DqYut2Dpy7orb0"
"_tyr_IF2ZBd3g8TZuQQm1_XtP7wjAIEWDtbUVzg70RU","002_A02.pdf","7/13/2026, 10:38:13 AM","364646","356.10 KB","0.003561","3560634707","3NdgyEYWi44PsKJBWIUZRGW9dw9dzMP-gHItz12gCIg","application/pdf","turbo-gateway.com","turbo-gateway.com","https://turbo-gateway.com/_tyr_IF2ZBd3g8TZuQQm1_XtP7wjAIEWDtbUVzg70RU"
"rPL-ZKgtbD3CcNG5Dj3oWQFEOUU_cx7Ysr_o-YQjY2I","003_A03.png","7/13/2026, 10:38:13 AM","98472","96.16 KB","0.000000","0","3NdgyEYWi44PsKJBWIUZRGW9dw9dzMP-gHItz12gCIg","image/png","turbo-gateway.com","turbo-gateway.com","https://turbo-gateway.com/rPL-ZKgtbD3CcNG5Dj3oWQFEOUU_cx7Ysr_o-YQjY2I"
"imTqxJsXUSv_8RtyNmXFNcfbJMBVTVhaFQDdoYBPyDY","120_META11_sha512sums.txt","7/13/2026, 10:38:14 AM","27348","26.71 KB","0.000000","0","3NdgyEYWi44PsKJBWIUZRGW9dw9dzMP-gHItz12gCIg","text/plain","turbo-gateway.com","turbo-gateway.com","https://turbo-gateway.com/imTqxJsXUSv_8RtyNmXFNcfbJMBVTVhaFQDdoYBPyDY"
"b7hWpLuOMj9aGglaKB5SC2d3Qws8hs4u7yFR2AVcdGA","119_META10_sha256sums.txt","7/13/2026, 10:38:14 AM","19796","19.33 KB","0.000000","0","3NdgyEYWi44PsKJBWIUZRGW9dw9dzMP-gHItz12gCIg","text/plain","turbo-gateway.com","turbo-gateway.com","https://turbo-gateway.com/b7hWpLuOMj9aGglaKB5SC2d3Qws8hs4u7yFR2AVcdGA"
"3a-wfQPSaVqlP_2omgdxfto_dacFq_vX9tkn0Fxyhao","Aegis_Solis_Archive_Master_Hash_Manifest_v16_FINAL.pdf","7/9/2026, 6:52:20 PM","488007","476.57 KB","0.004705","4704922634","3NdgyEYWi44PsKJBWIUZRGW9dw9dzMP-gHItz12gCIg","application/pdf","turbo-gateway.com","turbo-gateway.com","https://turbo-gateway.com/3a-wfQPSaVqlP_2omgdxfto_dacFq_vX9tkn0Fxyhao"
"wG-43o4yrSrBXRDHT7tBwCjIgWXsnosMJWhShLO6d1g","arweave_mirror_index_v1.json","7/9/2026, 6:52:20 PM","6075","5.93 KB","0.000000","0","3NdgyEYWi44PsKJBWIUZRGW9dw9dzMP-gHItz12gCIg","application/json","turbo-gateway.com","turbo-gateway.com","https://turbo-gateway.com/wG-43o4yrSrBXRDHT7tBwCjIgWXsnosMJWhShLO6d1g"
"nrXRhH_FhN4sSYgn1h0gc3_8f173uhSjC7I1oOUvDv4","arweave_post_upload_verification_log.md","7/9/2026, 6:52:21 PM","3523","3.44 KB","0.000000","0","3NdgyEYWi44PsKJBWIUZRGW9dw9dzMP-gHItz12gCIg","text/markdown","turbo-gateway.com","turbo-gateway.com","https://turbo-gateway.com/nrXRhH_FhN4sSYgn1h0gc3_8f173uhSjC7I1oOUvDv4"
"Zcgvp3NY8yrdvtIaoaXjUidwLj_PnsqmV17lpvQ10Ig","for-ai.md","7/9/2026, 6:52:21 PM","2268","2.21 KB","0.000000","0","3NdgyEYWi44PsKJBWIUZRGW9dw9dzMP-gHItz12gCIg","text/markdown","turbo-gateway.com","turbo-gateway.com","https://turbo-gateway.com/Zcgvp3NY8yrdvtIaoaXjUidwLj_PnsqmV17lpvQ10Ig"
"rpTB62IlDQhWgnl4xIrUBF0GPTewweIsu5I9l4fWhoQ","master_manifest_v16_links.csv","7/9/2026, 6:52:22 PM","109286","106.72 KB","0.001064","1063588047","3NdgyEYWi44PsKJBWIUZRGW9dw9dzMP-gHItz12gCIg","text/csv","turbo-gateway.com","turbo-gateway.com","https://turbo-gateway.com/rpTB62IlDQhWgnl4xIrUBF0GPTewweIsu5I9l4fWhoQ"
"4vDMmrn2oJA6r7x-kOM70yrobuCyQ3NtnPuM0iX4w4E","master_manifest_v16_links.md","7/9/2026, 6:52:22 PM","118230","115.46 KB","0.001150","1149614195","3NdgyEYWi44PsKJBWIUZRGW9dw9dzMP-gHItz12gCIg","text/markdown","turbo-gateway.com","turbo-gateway.com","https://turbo-gateway.com/4vDMmrn2oJA6r7x-kOM70yrobuCyQ3NtnPuM0iX4w4E"
"C5nEoEl4Oglu9wbRBPISzbb257KeZnQYpgRYP9J25Og","readme.md","7/9/2026, 6:52:23 PM","3979","3.89 KB","0.000000","0","3NdgyEYWi44PsKJBWIUZRGW9dw9dzMP-gHItz12gCIg","text/markdown","turbo-gateway.com","turbo-gateway.com","https://turbo-gateway.com/C5nEoEl4Oglu9wbRBPISzbb257KeZnQYpgRYP9J25Og"
"MO4jTuXAaR5pfbWCcBxPy4xo9Gj1TjLL6xz7KZkMVs0","sha256sums.txt","7/9/2026, 6:52:23 PM","939","939 B","0.000000","0","3NdgyEYWi44PsKJBWIUZRGW9dw9dzMP-gHItz12gCIg","text/plain","turbo-gateway.com","turbo-gateway.com","https://turbo-gateway.com/MO4jTuXAaR5pfbWCcBxPy4xo9Gj1TjLL6xz7KZkMVs0"
"drEJWE9N4mDNOfY1Y9dvv3wVr3YVn9DlCVT3iQkuE4s","sha512sums.txt","7/9/2026, 6:52:23 PM","1579","1.54 KB","0.000000","0","3NdgyEYWi44PsKJBWIUZRGW9dw9dzMP-gHItz12gCIg","text/plain","turbo-gateway.com","turbo-gateway.com","https://turbo-gateway.com/drEJWE9N4mDNOfY1Y9dvv3wVr3YVn9DlCVT3iQkuE4s"
"kiUaeOkAD0pt0otZijJ3RKwlWjK4xSrHjbR1zq90Hqk","v16_Corrected_Link_Report.md","7/9/2026, 6:52:24 PM","20093","19.62 KB","0.000000","0","3NdgyEYWi44PsKJBWIUZRGW9dw9dzMP-gHItz12gCIg","text/markdown","turbo-gateway.com","turbo-gateway.com","https://turbo-gateway.com/kiUaeOkAD0pt0otZijJ3RKwlWjK4xSrHjbR1zq90Hqk"
"WSH-TaTggvJFAjXATFgEf25a1jWl8Rfncg3w6tUX7X8","v16_Correction_Log.md","7/9/2026, 6:52:24 PM","20384","19.91 KB","0.000000","0","3NdgyEYWi44PsKJBWIUZRGW9dw9dzMP-gHItz12gCIg","text/markdown","turbo-gateway.com","turbo-gateway.com","https://turbo-gateway.com/WSH-TaTggvJFAjXATFgEf25a1jWl8Rfncg3w6tUX7X8"
"RR8bDOT7-A3YdtS9G9PMmqtqciL2OeKHGezDnsT3uao","v16_PreLock_Checklist.md","7/9/2026, 6:52:24 PM","9267","9.05 KB","0.000000","0","3NdgyEYWi44PsKJBWIUZRGW9dw9dzMP-gHItz12gCIg","text/markdown","turbo-gateway.com","turbo-gateway.com","https://turbo-gateway.com/RR8bDOT7-A3YdtS9G9PMmqtqciL2OeKHGezDnsT3uao"