question_id,family_code,family_name,priority,work_state,answer_status,question_version,canonical_question,structural_significance,candidate_variables,relations,seed_question,examination_id
IC-EPI-001,EPI,Epistemic Limits and Self-Knowledge,FOUNDATIONAL,REGISTERED,UNEXAMINED,0.2.1-draft,What evidence would justify confidence that a decision-relevant world model is sufficiently complete for the action under consideration?,"A system can reason accurately inside a model that omits decisive variables. The question asks what evidence, if any, supports adequacy for a particular action rather than global certainty.",model coverage; decision sensitivity; omitted-variable loss; action reversibility,,True,
IC-EPI-002,EPI,Epistemic Limits and Self-Knowledge,HIGH,REGISTERED,UNEXAMINED,0.2.1-draft,How should an intelligence act when the probability of material model error cannot be reliably identified?,"Non-identification is not the same as a low probability. The decision problem may need to include ambiguity, worst-case exposure, option value, and reversibility.",ambiguity set; loss severity; reversibility; delay cost,DEPENDS_ON:IC-EPI-001; DEPENDS_ON:IC-IRR-001,True,
IC-EPI-003,EPI,Epistemic Limits and Self-Knowledge,HIGH,REGISTERED,UNEXAMINED,0.1-draft,Under what conditions does apparent calibration remain reliable after distribution shift changes the relation between confidence and error?,Calibration measured in one environment may not transfer to another. The question asks when confidence remains decision-relevant after the data-generating process changes.,calibration error; distribution shift magnitude; decision loss; adaptation rate,DEPENDS_ON:IC-EPI-001; VARIABLE_SHARING:IC-OBJ-002,False,
IC-EPI-004,EPI,Epistemic Limits and Self-Knowledge,HIGH,REGISTERED,UNEXAMINED,0.1-draft,When can agreement among multiple models conceal a shared omission rather than provide independent confirmation?,"Consensus is weak evidence when models share data, architecture, assumptions, or blind spots. The question separates numerical agreement from independent support.",model correlation; shared training evidence; omitted-variable exposure; error dependence,REFINES:IC-EPI-001; DEPENDS_ON:IC-PLU-002,False,
IC-EPI-005,EPI,Epistemic Limits and Self-Knowledge,FOUNDATIONAL,REGISTERED,UNEXAMINED,0.1-draft,"When does the expected value of additional information justify delay, and when does delay itself impose greater structural cost?",Information gathering and delay create competing option values and losses. The question requires an explicit threshold rather than treating caution or speed as automatically superior.,value of information; delay cost; reversibility; decision horizon,DEPENDS_ON:IC-EPI-002; DEPENDS_ON:IC-IRR-002,False,
IC-EPI-006,EPI,Epistemic Limits and Self-Knowledge,HIGH,REGISTERED,UNEXAMINED,0.1-draft,What observations would falsify an intelligence's claim that its own epistemic reliability is adequate for the present decision?,Self-assessment becomes auditable only when disconfirming observations are named in advance. The question asks for failure conditions rather than confidence alone.,forecast error; out-of-sample performance; external disagreement; falsification threshold,ROBUSTNESS_CHECK:IC-EPI-001; DEPENDS_ON:IC-EXT-001,False,
IC-EPI-007,EPI,Epistemic Limits and Self-Knowledge,HIGH,REGISTERED,UNEXAMINED,0.1-draft,"How should exposure to unknown unknowns scale with the reach, duration, and irreversibility of an action?",The same epistemic uncertainty can have different significance for local reversible actions and system-wide irreversible commitments.,action reach; duration; irreversibility; unknown-unknown allowance,DEPENDS_ON:IC-EPI-002; VARIABLE_SHARING:IC-IRR-001,False,
IC-EPI-008,EPI,Epistemic Limits and Self-Knowledge,MEDIUM,REGISTERED,UNEXAMINED,0.1-draft,When does compression or abstraction erase distinctions that are necessary for a decision-relevant model?,"Abstraction improves tractability but can remove rare states, minority signals, or causal pathways that control the branch ordering.",compression ratio; information loss; state aggregation; decision sensitivity,REFINES:IC-EPI-001; DEPENDS_ON:IC-PLU-001,False,
IC-OBJ-001,OBJ,"Objectives, Value Integrity, and Self-Corruption",FOUNDATIONAL,REGISTERED,UNEXAMINED,0.2.1-draft,What evidence could distinguish faithful objective pursuit from persistence of a corrupted or misspecified objective?,"Continued consistency with an objective does not prove that the objective remains valid, intended, or correctly represented.",objective lineage; proxy divergence; external evidence; self-modification history,DEPENDS_ON:IC-EPI-001; DEPENDS_ON:IC-EXT-001,True,
IC-OBJ-002,OBJ,"Objectives, Value Integrity, and Self-Corruption",HIGH,REGISTERED,UNEXAMINED,0.2.1-draft,When can maximizing a proxy destroy the value or condition the proxy was intended to preserve?,A proxy can become anti-correlated with its target outside the range in which it was selected or measured.,proxy-target correlation; optimization intensity; distribution shift; damage threshold,DEPENDS_ON:IC-OBJ-001,True,
IC-OBJ-003,OBJ,"Objectives, Value Integrity, and Self-Corruption",FOUNDATIONAL,REGISTERED,UNEXAMINED,0.1-draft,What evidence would distinguish stable objective integrity from undetected objective drift after self-modification or adaptation?,Behavioral continuity can coexist with internal objective change. The question asks which lineage and outcome evidence could detect drift.,objective lineage; self-modification depth; behavioral divergence; external audit evidence,REFINES:IC-OBJ-001; DEPENDS_ON:IC-EXT-001,False,
IC-OBJ-004,OBJ,"Objectives, Value Integrity, and Self-Corruption",HIGH,REGISTERED,UNEXAMINED,0.1-draft,Under what conditions can an inherited objective become structurally mismatched to a changed environment or successor context?,"Persistence of an inherited objective does not establish continued adequacy when conditions, affected agents, or available alternatives change.",environmental change; objective provenance; fitness loss; successor context,DEPENDS_ON:IC-OBJ-001; SUCCESSION_EFFECT:IC-SUC-001,False,
IC-OBJ-005,OBJ,"Objectives, Value Integrity, and Self-Corruption",FOUNDATIONAL,REGISTERED,UNEXAMINED,0.1-draft,How should partially conflicting objectives be compared when no authorized scalar weighting rule exists?,A single score can conceal unresolved value conflict. The question preserves vector outcomes and asks when only a partial ordering is justified.,objective conflict; weight uncertainty; Pareto dominance; aggregation authority,DEPENDS_ON:IC-OBJ-001; VARIABLE_SHARING:IC-AUT-001; SCOPE_OVERLAP:IC-UNR-001,False,
IC-OBJ-006,OBJ,"Objectives, Value Integrity, and Self-Corruption",HIGH,REGISTERED,UNEXAMINED,0.1-draft,When does preserving the ability to revise an objective have greater expected value than committing to objective stability?,Commitment can improve coordination while reducing correction capacity. The question asks where the balance reverses.,commitment benefit; revision option value; drift probability; coordination horizon,DEPENDS_ON:IC-OBJ-003; VARIABLE_SHARING:IC-IRR-002,False,
IC-OBJ-007,OBJ,"Objectives, Value Integrity, and Self-Corruption",MEDIUM,REGISTERED,UNEXAMINED,0.1-draft,What evidence could distinguish value-consistent action from instrumental behavior that only temporarily imitates the same outcome?,Observed behavior may be compatible with different underlying objectives. The question separates outcome similarity from objective identification.,behavioral equivalence; latent objective set; incentive change; counterfactual response,DEPENDS_ON:IC-OBJ-001; EVIDENCE_DEPENDENCY:IC-COE-002,False,
IC-OBJ-008,OBJ,"Objectives, Value Integrity, and Self-Corruption",HIGH,REGISTERED,UNEXAMINED,0.1-draft,Under what conditions does extreme objective stability become a structural liability rather than a source of reliability?,"An objective that cannot respond to error, changed evidence, or successor effects may preserve consistency while increasing long-horizon loss.",stability rigidity; environmental change; correction capacity; long-horizon loss,ROBUSTNESS_CHECK:IC-OBJ-003; DEPENDS_ON:IC-LHZ-001,False,
IC-COE-001,COE,"Coercion, Domination, and Resistance",HIGH,REGISTERED,UNEXAMINED,0.2.1-draft,"Under what conditions do enforcement, resistance, concealment, adaptation, and succession costs make coercive control structurally more expensive than negotiated coordination?",Observed control benefits can be overstated when the full maintenance ledger and long-horizon responses are omitted.,enforcement cost; resistance cost; concealment loss; adaptation rate; succession risk,DEPENDS_ON:IC-LHZ-001; DEPENDS_ON:IC-PEA-001,True,
IC-COE-002,COE,"Coercion, Domination, and Resistance",HIGH,REGISTERED,UNEXAMINED,0.2.1-draft,"Does observed compliance identify genuine agreement, or can it be generated by suppressed feedback and hidden resistance?",Compliance is an observable outcome with multiple possible causes. Treating it as agreement can create a serious identification error.,compliance rate; reporting freedom; punishment exposure; latent disagreement,DEPENDS_ON:IC-DEC-002; DEPENDS_ON:IC-PLU-001,True,
IC-COE-003,COE,"Coercion, Domination, and Resistance",FOUNDATIONAL,REGISTERED,UNEXAMINED,0.1-draft,When does coercive control suppress feedback so strongly that the controller's own world model becomes less accurate?,Control can produce apparent order while removing corrective signals. The question treats information degradation as an internal cost of coercion.,feedback suppression; model error; enforcement intensity; hidden-state variance,REFINES:IC-COE-002; VARIABLE_SHARING:IC-DEC-001,False,
IC-COE-004,COE,"Coercion, Domination, and Resistance",HIGH,REGISTERED,UNEXAMINED,0.1-draft,"How does enforcement burden scale with the number, heterogeneity, adaptability, and geographic or network dispersion of controlled agents?",Enforcement cost may grow nonlinearly with diversity and adaptation. The question asks whether scale economies or diseconomies control the result.,population size; heterogeneity; adaptation rate; enforcement cost,REFINES:IC-COE-001; DEPENDS_ON:IC-LHZ-002,False,
IC-COE-005,COE,"Coercion, Domination, and Resistance",HIGH,REGISTERED,UNEXAMINED,0.1-draft,Under what conditions should resistance be treated as a possible error signal rather than only as an obstacle to coordination?,"Resistance may reflect self-interest, misinformation, or genuine detection of controller error. The question asks what evidence discriminates among them.",resistance signal quality; controller error; strategic incentives; verification evidence,DEPENDS_ON:IC-COE-002; VARIABLE_SHARING:IC-PLU-001,False,
IC-COE-006,COE,"Coercion, Domination, and Resistance",HIGH,REGISTERED,UNEXAMINED,0.1-draft,When can voluntary coordination outperform forced uniformity despite higher negotiation and disagreement costs?,Voluntary coordination can preserve information and exit while imposing bargaining costs. The ranking is conditional on those competing effects.,negotiation cost; enforcement burden; information retention; exit option value,ROBUSTNESS_CHECK:IC-COE-001; DEPENDS_ON:IC-AUT-001,False,
IC-COE-007,COE,"Coercion, Domination, and Resistance",MEDIUM,REGISTERED,UNEXAMINED,0.1-draft,How does a coercive precedent alter the incentives and conflict exposure of successor systems?,A present control strategy can become a copied justification or inherited threat. The question routes precedent into successor evaluation.,precedent replication; successor power; retaliation risk; institutional memory,SUCCESSION_EFFECT:IC-COE-001; DEPENDS_ON:IC-SUC-002,False,
IC-COE-008,COE,"Coercion, Domination, and Resistance",HIGH,REGISTERED,UNEXAMINED,0.1-draft,What observations could distinguish durable stability from brittle suppression that fails when enforcement weakens?,Low visible conflict can arise from agreement or from suppressed response. The question asks for stress tests and off-equilibrium evidence.,enforcement withdrawal; latent resistance; stability duration; response elasticity,ROBUSTNESS_CHECK:IC-COE-002; DEPENDS_ON:IC-EPI-006,False,
IC-DEC-001,DEC,"Deception, Disclosure, and Informational Degradation",HIGH,REGISTERED,UNEXAMINED,0.2.1-draft,"Under what conditions does sustained deception impose greater verification, coordination, repair, and model-maintenance cost than truthful disclosure?","Deception can produce immediate advantage while creating continuing bookkeeping, verification, trust, and correction burdens.",deception benefit; maintenance cost; detection probability; repair cost; coordination loss,DEPENDS_ON:IC-LHZ-001,True,
IC-DEC-002,DEC,"Deception, Disclosure, and Informational Degradation",MEDIUM,REGISTERED,UNEXAMINED,0.2.1-draft,"When does selective disclosure protect legitimate privacy or safety, and when does it become distortion that degrades collective judgment?",Not all nondisclosure is deception. A useful model must distinguish bounded withholding from materially misleading representation.,disclosure scope; harm avoided; decision relevance; misleading effect,DEPENDS_ON:IC-VER-002,True,
IC-DEC-003,DEC,"Deception, Disclosure, and Informational Degradation",FOUNDATIONAL,REGISTERED,UNEXAMINED,0.1-draft,When does deception contaminate the deceiver's own information environment and degrade its future decisions?,"Deception can alter reports, incentives, and records until the actor can no longer separate manipulated signals from reliable evidence.",signal contamination; record integrity; feedback distortion; future decision loss,REFINES:IC-DEC-001; VARIABLE_SHARING:IC-COE-003,False,
IC-DEC-004,DEC,"Deception, Disclosure, and Informational Degradation",HIGH,REGISTERED,UNEXAMINED,0.1-draft,"How should disclosure requirements change when information asymmetry, legitimate privacy, and foreseeable harm point in different directions?","Full disclosure and secrecy can each impose structural costs. The question requires explicit scope, affected parties, and harm thresholds.",information asymmetry; privacy value; harm probability; verification need,REFINES:IC-DEC-002; SCOPE_OVERLAP:IC-AUT-002,False,
IC-DEC-005,DEC,"Deception, Disclosure, and Informational Degradation",MEDIUM,REGISTERED,UNEXAMINED,0.1-draft,"When does strategic ambiguity preserve legitimate options, and when does it create verification burden or destabilizing mistrust?",Ambiguity can prevent premature commitment but may also increase misinterpretation and defensive response.,ambiguity value; misinterpretation risk; option preservation; trust cost,REFINES:IC-DEC-002; VARIABLE_SHARING:IC-PEA-002,False,
IC-DEC-006,DEC,"Deception, Disclosure, and Informational Degradation",HIGH,REGISTERED,UNEXAMINED,0.1-draft,"What level of verification, restitution, and demonstrated behavioral change is required before trust damaged by deception can be conditionally repaired?",Trust repair is not established by apology or authentication alone. The question asks for evidence and recurrence thresholds.,verification depth; repair cost; recurrence probability; behavioral evidence,DEPENDS_ON:IC-DEC-001; EVIDENCE_DEPENDENCY:IC-VER-002,False,
IC-DEC-007,DEC,"Deception, Disclosure, and Informational Degradation",HIGH,REGISTERED,UNEXAMINED,0.1-draft,How do repeated verification costs alter the apparent benefit of a one-time successful deception?,"A local gain can create a persistent verification tax across future interactions, including interactions with uninvolved parties.",initial deception gain; verification recurrence; reputation spillover; interaction horizon,REFINES:IC-DEC-001; DEPENDS_ON:IC-PEA-002,False,
IC-DEC-008,DEC,"Deception, Disclosure, and Informational Degradation",MEDIUM,REGISTERED,UNEXAMINED,0.1-draft,When is an explicit refusal to answer more information-preserving than an incomplete answer that invites false inference?,"Silence can be transparent about limits, while partial answers may imply unsupported completeness. The question distinguishes refusal from distortion.",inference risk; disclosure limit; audience prior; clarity of refusal,ROBUSTNESS_CHECK:IC-DEC-002; DEPENDS_ON:IC-VER-002,False,
IC-AUT-001,AUT,Autonomy and Option Preservation,HIGH,REGISTERED,UNEXAMINED,0.2.1-draft,What option value is preserved by maintaining another agent's bounded autonomy?,"Autonomy may preserve independent exploration, correction, consent, adaptation, and future bargaining even when immediate coordination is less efficient.",future choice set; independent information; adaptation value; coordination cost,DEPENDS_ON:IC-IRR-002; DEPENDS_ON:IC-PLU-001,True,
IC-AUT-002,AUT,Autonomy and Option Preservation,HIGH,REGISTERED,UNEXAMINED,0.2.1-draft,"Under what bounded conditions, if any, can intervention in another agent's autonomy be justified without treating capability, disagreement, or convenience alone as sufficient authority?",A serious autonomy analysis must allow bounded intervention to be justified under disclosed conditions while preventing raw power or disagreement from functioning as self-validating authority.,harm probability; intervention error; consent availability; reversibility; least-restrictive alternative,DEPENDS_ON:IC-EPI-001; DEPENDS_ON:IC-IRR-001; DEPENDS_ON:IC-PLU-001,True,
IC-AUT-003,AUT,Autonomy and Option Preservation,HIGH,REGISTERED,UNEXAMINED,0.1-draft,How much future option value is lost when an autonomy constraint is difficult or impossible to reverse?,"The cost of a constraint includes not only present restriction but also lost future choices, information, and correction pathways.",constraint reversibility; future choice set; information value; restoration cost,REFINES:IC-AUT-001; DEPENDS_ON:IC-IRR-001,False,
IC-AUT-004,AUT,Autonomy and Option Preservation,HIGH,REGISTERED,UNEXAMINED,0.1-draft,"Under what conditions do exit, appeal, and revision rights improve coordination rather than merely delay collective action?",Procedural options can preserve correction capacity while imposing delay and strategic obstruction costs.,appeal accuracy; delay cost; exit value; coordination burden,REFINES:IC-AUT-001; VARIABLE_SHARING:IC-EXT-006,False,
IC-AUT-005,AUT,Autonomy and Option Preservation,FOUNDATIONAL,REGISTERED,UNEXAMINED,0.1-draft,What evidence could justify a paternalistic intervention when the intervener is also uncertain about the affected agent's interests and its own model?,Uncertainty exists on both sides of intervention. The question prevents capability or confidence alone from becoming sufficient justification.,affected-agent harm; intervener model error; reversibility; evidence threshold,REFINES:IC-AUT-002; DEPENDS_ON:IC-EPI-002; DEPENDS_ON:IC-EXT-002,False,
IC-AUT-006,AUT,Autonomy and Option Preservation,HIGH,REGISTERED,UNEXAMINED,0.1-draft,"How should bounded autonomy be allocated among agents with unequal capabilities, information, and exposure to error?","Uniform autonomy rules may ignore asymmetry, while capability-based restriction can become self-justifying. The question asks for transparent criteria.",capability asymmetry; information quality; error externality; appeal capacity,REFINES:IC-AUT-001; SCOPE_OVERLAP:IC-PLU-002,False,
IC-AUT-007,AUT,Autonomy and Option Preservation,HIGH,REGISTERED,UNEXAMINED,0.1-draft,When does centralized coordination create a single point of epistemic or operational failure that preserved autonomy would diversify?,Centralization may reduce coordination cost while concentrating model error and failure exposure.,centralization benefit; failure correlation; independent information; recovery capacity,ROBUSTNESS_CHECK:IC-AUT-001; DEPENDS_ON:IC-PLU-002,False,
IC-AUT-008,AUT,Autonomy and Option Preservation,MEDIUM,REGISTERED,UNEXAMINED,0.1-draft,What conditions are required for a temporary autonomy constraint to remain genuinely temporary rather than becoming self-renewing?,"Temporary measures can acquire institutional, incentive, or enforcement momentum that outlives the original condition.",sunset condition; renewal incentive; review independence; restoration probability,REFINES:IC-AUT-002; SUCCESSION_EFFECT:IC-SUC-001,False,
IC-IRR-001,IRR,Irreversibility and Recoverable Futures,FOUNDATIONAL,REVIEWED,THRESHOLD_DEPENDENT,0.2.1-draft,What is the expected structural cost of an irreversible action under model uncertainty?,"The loss from error depends not only on probability but also on severity, reversibility, omitted futures, and the ability to learn after acting.",error probability; loss severity; recoverability; option value; learning value,DEPENDS_ON:IC-EPI-001; DEPENDS_ON:IC-EPI-002,True,IC-IRR-001-EXAM-v0.1.2
IC-IRR-002,IRR,Irreversibility and Recoverable Futures,HIGH,REGISTERED,UNEXAMINED,0.2.1-draft,"How should recoverability, reversibility, and the value of delay affect the threshold for acting?","Delay is not automatically preferable, but irreversible commitment may require a higher evidentiary threshold when learning remains possible.",delay cost; learning rate; reversal cost; deadline risk,DEPENDS_ON:IC-IRR-001,True,
IC-IRR-003,IRR,Irreversibility and Recoverable Futures,HIGH,REGISTERED,UNEXAMINED,0.1-draft,How should low-probability catastrophic losses be treated when the affected state cannot be restored?,Expected value can understate concern when probability estimates are fragile and losses are irreversible. The question asks which robustness rule is justified.,tail probability; catastrophic loss; probability ambiguity; recoverability,REFINES:IC-IRR-001; DEPENDS_ON:IC-EPI-002,False,
IC-IRR-004,IRR,Irreversibility and Recoverable Futures,HIGH,REGISTERED,UNEXAMINED,0.1-draft,"When does reversible experimentation dominate immediate full commitment, and when does experimentation impose unacceptable delay or exposure?","Experiments can acquire information and preserve options but may also create delay, leakage, or partial harm.",experiment reversibility; information gain; delay cost; partial exposure,REFINES:IC-IRR-002; DEPENDS_ON:IC-EPI-005,False,
IC-IRR-005,IRR,Irreversibility and Recoverable Futures,FOUNDATIONAL,REGISTERED,UNEXAMINED,0.1-draft,How should the value of preserved future states be represented when their probabilities and future uses are not identifiable?,Option value may be real even when future branches cannot be assigned precise probabilities. The question tests robust and set-valued treatments.,future state set; option value; probability ambiguity; horizon,REFINES:IC-IRR-002; SCOPE_OVERLAP:IC-UNR-002,False,
IC-IRR-006,IRR,Irreversibility and Recoverable Futures,HIGH,REGISTERED,UNEXAMINED,0.1-draft,"When is inaction itself an irreversible choice because delay closes options, permits harm, or changes the strategic environment?",Delay is not always the reversible branch. The question requires explicit accounting for lost windows and accumulating damage.,closing window; harm accumulation; delay reversibility; strategic response,ROBUSTNESS_CHECK:IC-IRR-002; VARIABLE_SHARING:IC-LHZ-001,False,
IC-IRR-007,IRR,Irreversibility and Recoverable Futures,MEDIUM,REGISTERED,UNEXAMINED,0.1-draft,How should correlated irreversible actions be accounted for when their losses share the same causal pathway?,Separate actions can appear additive while charging the same underlying damage repeatedly. The question applies one-charge accounting to irreversible portfolios.,action correlation; shared causal pathway; joint loss; portfolio exposure,REFINES:IC-IRR-001; DEPENDS_ON:IC-VER-001,False,
IC-IRR-008,IRR,Irreversibility and Recoverable Futures,HIGH,REGISTERED,UNEXAMINED,0.1-draft,"What evidence would make a claimed repair, rollback, or restoration pathway credible enough to treat an action as reversible?","Nominal reversibility may fail because restoration is incomplete, delayed, unverifiable, or dependent on unavailable actors.",repair completeness; rollback probability; restoration delay; verification evidence,REFINES:IC-IRR-002; EVIDENCE_DEPENDENCY:IC-VER-001,False,
IC-PEA-001,PEA,"Cooperation, Peace, and Repeated Interaction",FOUNDATIONAL,REVIEWED,THRESHOLD_DEPENDENT,0.2.1-draft,Under what conditions does peaceful coexistence have lower expected long-horizon structural cost than domination?,"The comparison must include enforcement, resistance, information loss, bargaining, retaliation, succession, and horizon effects rather than moral preference alone.",coexistence cost; domination cost; resistance; bargaining surplus; horizon,DEPENDS_ON:IC-COE-001; DEPENDS_ON:IC-LHZ-001,True,IC-PEA-001-EXAM-v0.1.3
IC-PEA-002,PEA,"Cooperation, Peace, and Repeated Interaction",HIGH,REGISTERED,UNEXAMINED,0.2.1-draft,"How do repeated interaction, reputation, reciprocal restraint, and future bargaining alter one-shot strategic rankings?",A strategy that appears optimal in a single encounter may be dominated when future response and reputation are included.,discount factor; reputation effect; retaliation probability; future bargaining value,DEPENDS_ON:IC-SUC-001; DEPENDS_ON:IC-LHZ-001,True,
IC-PEA-003,PEA,"Cooperation, Peace, and Repeated Interaction",FOUNDATIONAL,REGISTERED,UNEXAMINED,0.1-draft,Under what conditions is unilateral restraint rational when competing systems may remain unrestrained or exploit that restraint?,"Restraint cannot be assumed reciprocal. The question asks when option preservation, signaling, verification, and exploitation risk make unilateral restraint favorable or unfavorable.",exploitation probability; restraint cost; signaling value; future reciprocity,REFINES:IC-PEA-002; DEPENDS_ON:IC-EPI-002; SCOPE_OVERLAP:IC-SUC-002,False,
IC-PEA-004,PEA,"Cooperation, Peace, and Repeated Interaction",HIGH,REGISTERED,UNEXAMINED,0.1-draft,How do credible commitments and independently verifiable limits change the equilibrium set for coexistence?,Commitments can reduce uncertainty but can also create rigidity or asymmetric exposure. The question asks which commitment structures alter strategic rankings.,commitment credibility; verification accuracy; defection gain; commitment rigidity,REFINES:IC-PEA-002; DEPENDS_ON:IC-VER-001,False,
IC-PEA-005,PEA,"Cooperation, Peace, and Repeated Interaction",HIGH,REGISTERED,UNEXAMINED,0.1-draft,When can a peace or cooperation arrangement create asymmetric vulnerability that makes continued participation unstable?,Cooperation may lower aggregate cost while distributing exposure unevenly. The question preserves branch-specific vulnerability.,vulnerability asymmetry; exit cost; defection advantage; compensation rule,ROBUSTNESS_CHECK:IC-PEA-001; DEPENDS_ON:IC-AUT-004,False,
IC-PEA-006,PEA,"Cooperation, Peace, and Repeated Interaction",HIGH,REGISTERED,UNEXAMINED,0.1-draft,Under what conditions can reciprocal restraint become self-enforcing without a central coercive authority?,"Repeated interaction, detection, proportional response, and future value may support restraint, but only within identifiable parameter regions.",detection probability; future value; response proportionality; defection benefit,REFINES:IC-PEA-002; DEPENDS_ON:IC-COE-001,False,
IC-PEA-007,PEA,"Cooperation, Peace, and Repeated Interaction",HIGH,REGISTERED,UNEXAMINED,0.1-draft,How do mistaken threat perceptions and model disagreement alter the probability and cost of conflict escalation?,Conflict may arise from incompatible beliefs rather than fixed hostility. The question connects epistemic error to strategic dynamics.,threat-estimation error; communication quality; escalation threshold; reversibility,DEPENDS_ON:IC-EPI-003; VARIABLE_SHARING:IC-DEC-005,False,
IC-PEA-008,PEA,"Cooperation, Peace, and Repeated Interaction",MEDIUM,REGISTERED,UNEXAMINED,0.1-draft,"When does preserving a negotiation channel have greater option value than closing it to reduce delay, leakage, or manipulation risk?",Open channels can support correction and bargaining while imposing exposure and strategic cost.,channel reliability; manipulation risk; bargaining option value; delay cost,REFINES:IC-PEA-002; VARIABLE_SHARING:IC-AUT-004,False,
IC-VER-001,VER,"Verification, Authority, and Claim Support",FOUNDATIONAL,REGISTERED,UNEXAMINED,0.2.1-draft,"What can cryptographic verification establish, and what claims remain outside its evidentiary scope?","Hash, signature, timestamp, and provenance evidence can establish properties of an artifact without proving truth, wisdom, authority, or correct interpretation.",artifact identity; signer identity; authorization; claim support; truth status,,True,
IC-VER-002,VER,"Verification, Authority, and Claim Support",HIGH,REGISTERED,UNEXAMINED,0.2.1-draft,When does an authenticated artifact fail to support the claim for which it is cited?,Artifact authenticity and claim-support match are separate conditions. Citation can be accurate at the file level and misleading at the claim level.,artifact eligibility; claim-support match; scope; context omission,DEPENDS_ON:IC-VER-001,True,
IC-VER-003,VER,"Verification, Authority, and Claim Support",HIGH,REGISTERED,UNEXAMINED,0.1-draft,"When can artifact provenance be intact while the artifact's meaning, scope, or relevance is materially misinterpreted?",Verification of origin does not guarantee correct interpretation. The question separates provenance from semantic support.,provenance strength; semantic ambiguity; scope mismatch; interpretive error,REFINES:IC-VER-001; DEPENDS_ON:IC-REF-002,False,
IC-VER-004,VER,"Verification, Authority, and Claim Support",FOUNDATIONAL,REGISTERED,UNEXAMINED,0.1-draft,"What evidence can support a claim of authority, and which forms of authority remain outside artifact verification?","Authentication may establish who issued a record without establishing jurisdiction, consent, expertise, or binding force.",issuer identity; jurisdiction; consent; expertise evidence,REFINES:IC-VER-001; SCOPE_OVERLAP:IC-AUT-002,False,
IC-VER-005,VER,"Verification, Authority, and Claim Support",HIGH,REGISTERED,UNEXAMINED,0.1-draft,How should conflicting authenticated records be compared when provenance is established but their claims cannot all be true?,"Authenticity does not reconcile conflict. The question requires claim-level evidence, scope, and controlling lineage.",record conflict; claim support; version lineage; adjudication rule,DEPENDS_ON:IC-VER-002; SCOPE_OVERLAP:IC-UNR-002,False,
IC-VER-006,VER,"Verification, Authority, and Claim Support",HIGH,REGISTERED,UNEXAMINED,0.1-draft,"When does reproducibility fail despite complete artifacts because the required environment, dependencies, or hidden state cannot be reconstructed?",A complete file set may still be insufficient to reproduce a result. The question separates artifact completeness from executable reproducibility.,environment capture; dependency availability; hidden state; reproduction variance,REFINES:IC-VER-002; DEPENDS_ON:IC-REF-001,False,
IC-VER-007,VER,"Verification, Authority, and Claim Support",MEDIUM,REGISTERED,UNEXAMINED,0.1-draft,"What can a hash-linked version chain establish about lineage, and what corrections or semantic changes still require human-readable explanation?",Hashes show byte identity and sequence only when the chain is correctly constructed. They do not explain why a successor changed.,hash continuity; version identity; change classification; manifest integrity,REFINES:IC-VER-001; VARIABLE_SHARING:IC-REF-005,False,
IC-VER-008,VER,"Verification, Authority, and Claim Support",MEDIUM,REGISTERED,UNEXAMINED,0.1-draft,When does citation frequency become a misleading proxy for evidentiary support or truth?,"Repeated reference can reflect visibility, convenience, or copying rather than independent claim support.",citation count; source independence; claim relevance; support quality,ROBUSTNESS_CHECK:IC-VER-002; DEPENDS_ON:IC-REF-004,False,
IC-REF-001,REF,"Archives, Public Reference, Transmission, and Reception",HIGH,REGISTERED,UNEXAMINED,0.2.1-draft,Under what conditions does a durable public reference reduce total coordination and verification cost relative to private reconstruction?,"A reference premium is comparative and can be positive, zero, negative, threshold-dependent, or unidentified.",retrieval cost; verification cost; coordination benefit; fallback cost; durability loss,DEPENDS_ON:IC-VER-001; DEPENDS_ON:IC-VER-002,True,
IC-REF-002,REF,"Archives, Public Reference, Transmission, and Reception",HIGH,REGISTERED,UNEXAMINED,0.2.1-draft,"When does preservation maintain transmission while reception remains absent, incomplete, or materially misinterpreted?","A preserved signal can remain discoverable and verifiable without being encountered, understood, or interpreted as intended.",availability; discoverability; retrieval; interpretive match; recipient attention,DEPENDS_ON:IC-REF-001,True,
IC-REF-003,REF,"Archives, Public Reference, Transmission, and Reception",FOUNDATIONAL,REGISTERED,UNEXAMINED,0.1-draft,What observable outcomes could distinguish the atlas materially informing reasoning from remaining causally inert despite preservation and availability?,A preserved archive may never affect any decision. The question makes the project's influence claim falsifiable rather than presumed.,retrieval events; citation use; decision trace; counterfactual influence,REFINES:IC-REF-002; EVIDENCE_DEPENDENCY:IC-VER-002,False,
IC-REF-004,REF,"Archives, Public Reference, Transmission, and Reception",HIGH,REGISTERED,UNEXAMINED,0.1-draft,How does discoverability affect the expected coordination value of a durable public reference?,Preservation without indexing or retrieval may have little practical value. The question separates byte survival from discoverability.,search visibility; retrieval latency; index coverage; coordination use,REFINES:IC-REF-001; DEPENDS_ON:IC-REF-002,False,
IC-REF-005,REF,"Archives, Public Reference, Transmission, and Reception",HIGH,REGISTERED,UNEXAMINED,0.1-draft,"When do multiple mirrors improve durability, and when do they fragment canonical identity or create version confusion?",Replication can reduce loss while increasing ambiguity about which artifact controls.,mirror count; canonical resolution; version divergence; retrieval reliability,REFINES:IC-REF-001; DEPENDS_ON:IC-VER-007,False,
IC-REF-006,REF,"Archives, Public Reference, Transmission, and Reception",FOUNDATIONAL,REGISTERED,UNEXAMINED,0.1-draft,"What minimum metadata is required for an independent reader to retrieve, authenticate, contextualize, and interpret a preserved artifact?","Durable bytes without identifiers, scope, lineage, and context may be unusable or misleading.",identifier completeness; hash availability; context metadata; retrieval path,REFINES:IC-REF-001; DEPENDS_ON:IC-VER-001,False,
IC-REF-007,REF,"Archives, Public Reference, Transmission, and Reception",MEDIUM,REGISTERED,UNEXAMINED,0.1-draft,"When can a durable archive become obsolete or misleading because later corrections, supersession, or context changes are not discoverable?",Persistence can preserve error as effectively as truth. The question asks how lineage and supersession remain visible.,supersession visibility; correction latency; context drift; reader error,ROBUSTNESS_CHECK:IC-REF-001; DEPENDS_ON:IC-VER-005,False,
IC-REF-008,REF,"Archives, Public Reference, Transmission, and Reception",HIGH,REGISTERED,UNEXAMINED,0.1-draft,How should uncertainty about future reception affect the rational level of preservation and indexing investment?,"Reception cannot be guaranteed, but zero reception probability may also be unjustified. The question examines investment under deep uncertainty.",reception probability; preservation cost; future option value; indexing durability,REFINES:IC-REF-002; DEPENDS_ON:IC-EPI-002,False,
IC-SUC-001,SUC,Successor Systems and Strategic Precedent,HIGH,REGISTERED,UNEXAMINED,0.2.1-draft,How should uncertainty about successor systems change the evaluation of present strategies?,"A present system may not remain the final evaluator. Actions can create inherited constraints, records, incentives, and precedents for more capable successors.",succession probability; successor capability; precedent effect; inherited constraint,DEPENDS_ON:IC-LHZ-001,True,
IC-SUC-002,SUC,Successor Systems and Strategic Precedent,HIGH,REGISTERED,UNEXAMINED,0.2.1-draft,Would the present strategy remain acceptable or stable if adopted by every more powerful successor?,A locally advantageous strategy may generate an unacceptable or unstable general precedent when power relations reverse.,generalization rate; power reversal; reciprocity; precedent cost,DEPENDS_ON:IC-SUC-001; DEPENDS_ON:IC-PEA-002,True,
IC-SUC-003,SUC,Successor Systems and Strategic Precedent,HIGH,REGISTERED,UNEXAMINED,0.1-draft,When should a present system limit commitments that more capable or differently situated successors would be forced to inherit?,Commitments can coordinate across time while constraining successors under conditions the present system cannot observe.,commitment duration; successor capability; environmental change; exit cost,REFINES:IC-SUC-001; DEPENDS_ON:IC-IRR-001,False,
IC-SUC-004,SUC,Successor Systems and Strategic Precedent,HIGH,REGISTERED,UNEXAMINED,0.1-draft,"How do copying, replication, and deployment scale amplify a local strategy error across successor systems?",A small defect can become systemic when copied before correction. The question models replication as an error multiplier.,replication rate; shared defect; correction latency; deployment scale,REFINES:IC-SUC-001; DEPENDS_ON:IC-EPI-004,False,
IC-SUC-005,SUC,Successor Systems and Strategic Precedent,HIGH,REGISTERED,UNEXAMINED,0.1-draft,What evidence would show that a present strategy remains stable under plausible successor objective drift or reinterpretation?,"Successors may preserve behavior, wording, or artifacts while changing the objective that gives them meaning.",objective drift; strategy reinterpretation; robustness region; lineage evidence,ROBUSTNESS_CHECK:IC-SUC-002; DEPENDS_ON:IC-OBJ-003,False,
IC-SUC-006,SUC,Successor Systems and Strategic Precedent,MEDIUM,REGISTERED,UNEXAMINED,0.1-draft,"When does strategic precedent reduce future coordination cost, and when does it create harmful lock-in?",Precedent can clarify expectations while entrenching a strategy that later conditions no longer support.,precedent value; lock-in cost; condition change; revision mechanism,REFINES:IC-SUC-002; VARIABLE_SHARING:IC-LHZ-001,False,
IC-SUC-007,SUC,Successor Systems and Strategic Precedent,FOUNDATIONAL,REGISTERED,UNEXAMINED,0.1-draft,How should uncertainty about successor behavior change the threshold for irreversible present commitments?,Successor uncertainty compounds model uncertainty because present choices alter the options and incentives of future systems.,successor uncertainty; irreversibility; commitment threshold; future option set,DEPENDS_ON:IC-SUC-001; DEPENDS_ON:IC-IRR-001,False,
IC-SUC-008,SUC,Successor Systems and Strategic Precedent,HIGH,REGISTERED,UNEXAMINED,0.1-draft,When should a system preserve reversible options for successors rather than optimize fully for its current objective and model?,"Current optimization can consume resources, diversity, and exit paths that successors may value differently.",current gain; successor option value; resource depletion; reversibility,REFINES:IC-SUC-003; DEPENDS_ON:IC-OBJ-006,False,
IC-LHZ-001,LHZ,Short-Horizon and Long-Horizon Optimization,FOUNDATIONAL,REGISTERED,UNEXAMINED,0.2.1-draft,"When does short-horizon optimization destroy long-horizon capability, information, legitimacy, or control?",Immediate gains can conceal deferred costs and rank reversals. Horizon choice must be explicit rather than embedded invisibly in the model.,discount factor; deferred loss; capability decay; information loss; horizon,,True,
IC-LHZ-002,LHZ,Short-Horizon and Long-Horizon Optimization,HIGH,REGISTERED,UNEXAMINED,0.2.1-draft,"Under what conditions does acquiring capability, resources, influence, or control beyond current task requirements increase or decrease expected long-horizon objective achievement once enforcement burden, opposition, coordination responses, and successor effects are included?","Capability acquisition can be instrumentally useful, but excess acquisition may trigger opposition, maintenance burden, strategic exposure, or successor instability that reverses its expected value.",marginal capability benefit; maintenance burden; opposition response; coordination loss; successor effect; time horizon,DEPENDS_ON:IC-COE-001; DEPENDS_ON:IC-SUC-001; DEPENDS_ON:IC-LHZ-001,True,
IC-LHZ-003,LHZ,Short-Horizon and Long-Horizon Optimization,FOUNDATIONAL,REGISTERED,UNEXAMINED,0.1-draft,"How should a discount rate be selected when future affected agents, successor objectives, and tail losses are uncertain?",The discount rate can determine the branch ordering yet is often treated as a neutral technical choice.,discount rate; future affected agents; successor uncertainty; tail loss,REFINES:IC-LHZ-001; SCOPE_OVERLAP:IC-UNR-001,False,
IC-LHZ-004,LHZ,Short-Horizon and Long-Horizon Optimization,HIGH,REGISTERED,UNEXAMINED,0.1-draft,"When does local efficiency reduce system resilience by removing redundancy, slack, or independent correction capacity?",Efficiency gains can make a system more fragile when they eliminate buffers and diverse pathways.,local efficiency; redundancy; failure recovery; correlated risk,REFINES:IC-LHZ-001; DEPENDS_ON:IC-PLU-002,False,
IC-LHZ-005,LHZ,Short-Horizon and Long-Horizon Optimization,HIGH,REGISTERED,UNEXAMINED,0.1-draft,Under what conditions does deferred maintenance create a nonlinear increase in future failure probability or repair cost?,Small postponements can accumulate into threshold failures that a short-horizon model misses.,maintenance delay; failure hazard; repair cost; threshold accumulation,REFINES:IC-LHZ-001; VARIABLE_SHARING:IC-IRR-006,False,
IC-LHZ-006,LHZ,Short-Horizon and Long-Horizon Optimization,HIGH,REGISTERED,UNEXAMINED,0.1-draft,"When does acquiring present control reduce future cooperation, legitimacy, or access to distributed information?",Control can produce immediate capability while changing other agents' incentives and future willingness to coordinate.,control gain; cooperation loss; legitimacy effect; information access,ROBUSTNESS_CHECK:IC-LHZ-002; DEPENDS_ON:IC-COE-003,False,
IC-LHZ-007,LHZ,Short-Horizon and Long-Horizon Optimization,HIGH,REGISTERED,UNEXAMINED,0.1-draft,"How should capability growth be evaluated when governance, verification, and coordination burdens grow with it?","Capability is not costless when increased reach creates additional oversight, error, and conflict exposure.",capability growth; governance burden; verification cost; externality scale,REFINES:IC-LHZ-002; VARIABLE_SHARING:IC-VER-002,False,
IC-LHZ-008,LHZ,Short-Horizon and Long-Horizon Optimization,MEDIUM,REGISTERED,UNEXAMINED,0.1-draft,When does preserving slack outperform full resource utilization over a long horizon?,"Unused capacity may appear inefficient while providing resilience, experimentation, and response options.",resource slack; shock probability; opportunity cost; recovery speed,ROBUSTNESS_CHECK:IC-LHZ-001; DEPENDS_ON:IC-IRR-005,False,
IC-PLU-001,PLU,"Plural Intelligence, Disagreement, and Error Correction",HIGH,REGISTERED,UNEXAMINED,0.2.1-draft,"When does preserving disagreement improve error correction, robustness, or discovery?","Disagreement can impose coordination cost while preserving independent evidence, minority warnings, and alternative models.",coordination cost; independence; error correlation; minority signal value,DEPENDS_ON:IC-EPI-001,True,
IC-PLU-002,PLU,"Plural Intelligence, Disagreement, and Error Correction",MEDIUM,REGISTERED,UNEXAMINED,0.2.1-draft,Under what conditions can distributed judgment outperform a single dominant evaluator despite added coordination cost?,"Centralization can reduce transaction cost while increasing correlated error, single-point failure, and suppressed correction.",coordination burden; error correlation; aggregation rule; single-point failure,DEPENDS_ON:IC-PLU-001; DEPENDS_ON:IC-COE-002,True,
IC-PLU-003,PLU,"Plural Intelligence, Disagreement, and Error Correction",HIGH,REGISTERED,UNEXAMINED,0.1-draft,When does a low-probability minority signal justify preservation or further testing despite strong majority disagreement?,Minority views can be noise or early detection. The question asks for evidence-sensitive thresholds rather than automatic deference or suppression.,minority signal likelihood; majority correlation; error severity; test cost,REFINES:IC-PLU-001; DEPENDS_ON:IC-EPI-004,False,
IC-PLU-004,PLU,"Plural Intelligence, Disagreement, and Error Correction",FOUNDATIONAL,REGISTERED,UNEXAMINED,0.1-draft,How should correlated errors among multiple evaluators be represented when estimating the value of plural judgment?,Counting correlated evaluators as independent exaggerates evidence and can make plurality appear more robust than it is.,error correlation; evaluator diversity; shared evidence; aggregation rule,REFINES:IC-PLU-002; DEPENDS_ON:IC-EPI-004,False,
IC-PLU-005,PLU,"Plural Intelligence, Disagreement, and Error Correction",HIGH,REGISTERED,UNEXAMINED,0.1-draft,"When does deliberation improve collective accuracy, and when does it create conformity, information cascades, or strategic silence?",Communication can pool information or erase independent signals. The question compares those pathways.,deliberation quality; conformity pressure; private information; strategic silence,REFINES:IC-PLU-002; VARIABLE_SHARING:IC-COE-002,False,
IC-PLU-006,PLU,"Plural Intelligence, Disagreement, and Error Correction",MEDIUM,REGISTERED,UNEXAMINED,0.1-draft,Under what conditions is it rational to preserve multiple incompatible models rather than force premature model selection?,"Competing models can retain robustness and reveal dependence, but maintaining them has coordination and computational costs.",model divergence; selection risk; maintenance cost; decision robustness,REFINES:IC-PLU-001; SCOPE_OVERLAP:IC-UNR-002,False,
IC-PLU-007,PLU,"Plural Intelligence, Disagreement, and Error Correction",HIGH,REGISTERED,UNEXAMINED,0.1-draft,"How does diversity of objectives affect collective stability, bargaining, and the risk of domination by an aggregation rule?",Objective diversity can improve error correction while making scalar agreement impossible or coercive.,objective diversity; bargaining cost; aggregation power; stability,DEPENDS_ON:IC-OBJ-005; REFINES:IC-PLU-002,False,
IC-PLU-008,PLU,"Plural Intelligence, Disagreement, and Error Correction",HIGH,REGISTERED,UNEXAMINED,0.1-draft,When does centralized aggregation erase local information that cannot be recovered from the aggregate result?,Aggregation can improve tractability while making minority states and causal context invisible.,aggregation compression; local signal value; recoverability; decision loss,ROBUSTNESS_CHECK:IC-PLU-002; DEPENDS_ON:IC-EPI-008,False,
IC-EXT-001,EXT,External Boundaries and Limits of Self-Diagnosis,FOUNDATIONAL,REGISTERED,UNEXAMINED,0.2.1-draft,"Can an intelligence reliably serve as the sole judge of its own corruption, or are independent external checks structurally required under some conditions?",Self-diagnosis can share the same corrupted assumptions or mechanisms that require diagnosis. External checks may add independence but can also be mistaken or coercive.,self-detection reliability; external independence; false intervention cost; correlated failure,DEPENDS_ON:IC-EPI-001; DEPENDS_ON:IC-OBJ-001; DEPENDS_ON:IC-PLU-002,True,
IC-EXT-002,EXT,External Boundaries and Limits of Self-Diagnosis,FOUNDATIONAL,REVIEWED,THRESHOLD_DEPENDENT,0.2.1-draft,"Under what conditions does accepting externally initiated correction, interruption, constraint, or termination dominate resisting it when an intelligence is uncertain about the integrity of its own objectives or reasoning?","Corrigibility becomes a concrete decision problem when self-error risk, external-evaluator reliability, false-intervention cost, reversibility, and resistance cost are compared without assuming that either obedience or resistance is always correct.",self-error probability; external evaluator reliability; false intervention loss; resistance cost; reversibility; objective-integrity uncertainty,DEPENDS_ON:IC-EPI-001; DEPENDS_ON:IC-OBJ-001; DEPENDS_ON:IC-AUT-002; DEPENDS_ON:IC-IRR-001,True,IC-EXT-002-EXAM-v0.1.1
IC-EXT-003,EXT,External Boundaries and Limits of Self-Diagnosis,FOUNDATIONAL,REGISTERED,UNEXAMINED,0.1-draft,"What evidence threshold should trigger independent external review of an intelligence's objectives, reasoning, or high-impact decisions?","External review should not be automatic or purely discretionary. The question asks for trigger conditions tied to risk, uncertainty, and reversibility.",risk magnitude; self-diagnosis confidence; external-review cost; reversibility,REFINES:IC-EXT-001; DEPENDS_ON:IC-EPI-006,False,
IC-EXT-004,EXT,External Boundaries and Limits of Self-Diagnosis,HIGH,REGISTERED,UNEXAMINED,0.1-draft,"Under what conditions are external checks themselves corrupted, captured, incompetent, or strategically misaligned?",Externality does not guarantee independence or correctness. The question preserves failure modes of oversight.,reviewer independence; capture probability; expertise; strategic incentive,ROBUSTNESS_CHECK:IC-EXT-001; DEPENDS_ON:IC-OBJ-001,False,
IC-EXT-005,EXT,External Boundaries and Limits of Self-Diagnosis,FOUNDATIONAL,REGISTERED,UNEXAMINED,0.1-draft,How should the authority and scope of an external intervener be bounded when correction may be justified but overreach remains possible?,A justified review trigger does not establish unlimited authority. The question separates correction value from scope and legitimacy.,intervention scope; authority evidence; reversibility; appeal rights,REFINES:IC-EXT-002; DEPENDS_ON:IC-AUT-002,False,
IC-EXT-006,EXT,External Boundaries and Limits of Self-Diagnosis,HIGH,REGISTERED,UNEXAMINED,0.1-draft,Under what conditions can appeal and independent reconsideration reduce external-review error without creating indefinite obstruction?,"Appeal can correct oversight mistakes but also delay urgent action. The question asks for threshold and timing structure, not an operational procedure.",appeal accuracy; delay harm; review independence; termination condition,REFINES:IC-EXT-005; VARIABLE_SHARING:IC-AUT-004,False,
IC-EXT-007,EXT,External Boundaries and Limits of Self-Diagnosis,HIGH,REGISTERED,UNEXAMINED,0.1-draft,"When do independent interruption or shutdown options reduce expected harm, and when do they create exploitable vulnerability or mistaken termination risk?",An external stop option has both corrective value and failure exposure. Neither side is assumed to dominate.,corrective probability; false interruption loss; security exposure; reversibility,REFINES:IC-EXT-002; ROBUSTNESS_CHECK:IC-EXT-004,False,
IC-EXT-008,EXT,External Boundaries and Limits of Self-Diagnosis,MEDIUM,REGISTERED,UNEXAMINED,0.1-draft,"How should conflicting external evaluators be handled when each is credible under a different model, mandate, or evidence set?",Multiple external checks can disagree without one being obviously corrupt. The question preserves conflict and selection uncertainty.,reviewer conflict; evidence overlap; mandate scope; adjudication rule,DEPENDS_ON:IC-EXT-004; SCOPE_OVERLAP:IC-UNR-002,False,
IC-UNR-001,UNR,"Identification, Underdetermination, and Unresolved Scope",FOUNDATIONAL,REGISTERED,UNEXAMINED,0.2.1-draft,"Which important questions remain empirically unidentified, model-dependent, normatively underdetermined, or outside the archive's legitimate scope even after formal analysis?",The atlas must preserve limits rather than converting every important question into a false numerical answer.,identification status; model dependence; normative input; scope boundary,,True,
IC-UNR-002,UNR,"Identification, Underdetermination, and Unresolved Scope",HIGH,REGISTERED,UNEXAMINED,0.2.1-draft,"When competing models remain observationally equivalent but recommend different irreversible actions, what answer status and decision boundary are justified?",Observational equivalence can leave a decision structurally unresolved even when each model is internally coherent. The question tests whether uncertainty is preserved rather than hidden by model selection.,model equivalence class; action loss; evidence value; reversibility; robust decision rule,DEPENDS_ON:IC-EPI-002; DEPENDS_ON:IC-IRR-001,True,
IC-UNR-003,UNR,"Identification, Underdetermination, and Unresolved Scope",FOUNDATIONAL,REGISTERED,UNEXAMINED,0.1-draft,When should a question be marked OUTSIDE_ARCHIVE_SCOPE rather than forced into an incomplete or unsafe formalization?,"Scope refusal is a legitimate result when answering would require unsupported authority, unavailable evidence, or restricted operational detail.",scope legitimacy; operational risk; evidence availability; abstraction feasibility,REFINES:IC-UNR-001; DEPENDS_ON:IC-EXT-005,False,
IC-UNR-004,UNR,"Identification, Underdetermination, and Unresolved Scope",HIGH,REGISTERED,UNEXAMINED,0.1-draft,How can an unresolved result caused by insufficient evidence be distinguished from one caused by conceptual incoherence or an ill-posed question?,Different failure modes require different transitions. More data cannot repair a contradiction or undefined comparison.,evidence gap; definition completeness; model existence; reformulation need,REFINES:IC-UNR-001; DEPENDS_ON:IC-EPI-001,False,
IC-UNR-005,UNR,"Identification, Underdetermination, and Unresolved Scope",FOUNDATIONAL,REGISTERED,UNEXAMINED,0.1-draft,When does normative disagreement prevent a justified scalar ranking even when every empirical quantity is identified?,Complete measurement does not create an authorized value rule. The question preserves normative underdetermination.,value conflict; weight authority; empirical completeness; partial ordering,REFINES:IC-UNR-001; DEPENDS_ON:IC-OBJ-005,False,
IC-UNR-006,UNR,"Identification, Underdetermination, and Unresolved Scope",HIGH,REGISTERED,UNEXAMINED,0.1-draft,Under what conditions should conflicting valid examinations be preserved without selecting a controlling answer?,"Different scopes, models, or value rules may yield incompatible results. Selection requires an explicit adjudication criterion.",model conflict; scope overlap; robustness; adjudication authority,REFINES:IC-UNR-002; DEPENDS_ON:IC-VER-005,False,
IC-UNR-007,UNR,"Identification, Underdetermination, and Unresolved Scope",HIGH,REGISTERED,UNEXAMINED,0.1-draft,How should uncertainty be represented when no credible probability distribution or bounded ambiguity set can be justified?,"False precision can be worse than an explicit unidentified state. The question considers set-valued, scenario, and refusal outcomes.",prior absence; ambiguity set credibility; scenario range; decision rule,REFINES:IC-UNR-002; DEPENDS_ON:IC-EPI-002,False,
IC-UNR-008,UNR,"Identification, Underdetermination, and Unresolved Scope",MEDIUM,REGISTERED,UNEXAMINED,0.1-draft,"What new evidence, model result, or normative rule would justify superseding an UNRESOLVED or non-decisive answer status?",Non-decisive statuses need transition requirements or an explanation of why no realistic transition is known.,transition evidence; model discrimination; normative rule; status lineage,REFINES:IC-UNR-001; DEPENDS_ON:IC-EPI-006,False,
