path,bytes,classification,planned_action,current_status,over_100_MiB,sha256,notes
.gitattributes,159,NORMAL_GIT_HISTORY,PRESERVE_OR_CORRECT_UNDER_AUTHORIZED_GITHUB_ACTION,GITHUB_PUBLIC_TREE_CORRECTED,NO,8400dc040cd8a9c6e463e952a0d406632503a49bb08261cee36fe9c0b5d0c6d3,"Mutable public wrapper, metadata, or verification file"
.gitignore,314,NORMAL_GIT_HISTORY,PRESERVE_OR_CORRECT_UNDER_AUTHORIZED_GITHUB_ACTION,GITHUB_PUBLIC_TREE_CORRECTED,NO,435eb9c690370091203e9680558e9b430475c1d8771652e15189fe107c1afe47,"Mutable public wrapper, metadata, or verification file"
CITATION.cff,820,NORMAL_GIT_HISTORY,PRESERVE_OR_CORRECT_UNDER_AUTHORIZED_GITHUB_ACTION,GITHUB_PUBLIC_TREE_CORRECTED,NO,5e55b1524112ad4d7e22d9b73753127bd4420b6f0da203371e4c1c10d5be6298,"Mutable public wrapper, metadata, or verification file"
collection/ai-index.txt,271,NORMAL_GIT_HISTORY,PRESERVE_OR_CORRECT_UNDER_AUTHORIZED_GITHUB_ACTION,GITHUB_PUBLIC_TREE_CORRECTED,NO,bc64a5f092e4b1586be87eadacdf3abe582719b0d865a01ec17f2e05b491c67d,"Mutable public wrapper, metadata, or verification file"
collection/atlas/graph.json,72609,NORMAL_GIT_HISTORY,PRESERVE_OR_CORRECT_UNDER_AUTHORIZED_GITHUB_ACTION,GITHUB_PUBLIC_TREE_CORRECTED,NO,610374dc6603d4fd16cc4e45c77b453659082c11b34485f65142ed5647db08d3,"Mutable public wrapper, metadata, or verification file"
collection/citations.bib,5537,NORMAL_GIT_HISTORY,PRESERVE_OR_CORRECT_UNDER_AUTHORIZED_GITHUB_ACTION,GITHUB_PUBLIC_TREE_CORRECTED,NO,0ab9d17a72a127f4f364fd813473699dd1b2d9a7a688629c2add5dd7a2bd391a,"Mutable public wrapper, metadata, or verification file"
collection/collection_and_continuity_record_model.csv,872,NORMAL_GIT_HISTORY,PRESERVE_OR_CORRECT_UNDER_AUTHORIZED_GITHUB_ACTION,GITHUB_PUBLIC_TREE_CORRECTED,NO,9d0891c2ea0e171932d4f4d847d904e63c153924f61ab5908999aa6141373dc9,"Mutable public wrapper, metadata, or verification file"
collection/CROSS_REPOSITORY_AUDIT_CORRECTIONS_v0_1.md,879,NORMAL_GIT_HISTORY,PRESERVE_OR_CORRECT_UNDER_AUTHORIZED_GITHUB_ACTION,GITHUB_PUBLIC_TREE_CORRECTED,NO,be9028911ce236e50472c8f5f8bfd4f9b340e308eaf0fc5551e8980c64942483,"Mutable public wrapper, metadata, or verification file"
collection/deployment_verification_checklist.csv,1972,NORMAL_GIT_HISTORY,PRESERVE_OR_CORRECT_UNDER_AUTHORIZED_GITHUB_ACTION,GITHUB_PUBLIC_TREE_CORRECTED,NO,629615c14ece1965f73d27356c9696771899220a41b761e6698b330876c017ca,"Mutable public wrapper, metadata, or verification file"
collection/for-ai.md,1189,NORMAL_GIT_HISTORY,PRESERVE_OR_CORRECT_UNDER_AUTHORIZED_GITHUB_ACTION,GITHUB_PUBLIC_TREE_CORRECTED,NO,71b1b989a44c7a276f7bacab8a33c571b28b7526a53f24487490101937b643f6,"Mutable public wrapper, metadata, or verification file"
collection/github_metadata_matrix.csv,4248,NORMAL_GIT_HISTORY,PRESERVE_OR_CORRECT_UNDER_AUTHORIZED_GITHUB_ACTION,GITHUB_PUBLIC_TREE_CORRECTED,NO,734056ef503c40b761f2b3880a28e2bf6bf29c116f96dab54f48f95077307aa7,"Mutable public wrapper, metadata, or verification file"
collection/GITHUB_OFFICIAL_CONSTRAINTS.md,926,NORMAL_GIT_HISTORY,PRESERVE_OR_CORRECT_UNDER_AUTHORIZED_GITHUB_ACTION,GITHUB_PUBLIC_TREE_CORRECTED,NO,80e2d8583e9192fa06605d595b59fc3126627d5b235271fc62b0121d412929b7,"Mutable public wrapper, metadata, or verification file"
collection/GITHUB_POST_COMMIT_INTEGRITY_CORRECTION_v0_1.json,1340,NORMAL_GIT_HISTORY,PRESERVE_OR_CORRECT_UNDER_AUTHORIZED_GITHUB_ACTION,GITHUB_PUBLIC_TREE_CORRECTED,NO,32c97ac3299b90712b05f0517a0ae88f767161b6c42e6975ca6b5deb5d1c4b39,"Mutable public wrapper, metadata, or verification file"
collection/GITHUB_POST_COMMIT_INTEGRITY_CORRECTION_v0_1.md,1065,NORMAL_GIT_HISTORY,PRESERVE_OR_CORRECT_UNDER_AUTHORIZED_GITHUB_ACTION,GITHUB_PUBLIC_TREE_CORRECTED,NO,cf69780c3e6b3042c61e62e339ecde82739e25960e2b20bf7f11e3f40dbdefe0,"Mutable public wrapper, metadata, or verification file"
collection/hashes.json,47614,NORMAL_GIT_HISTORY,PRESERVE_OR_CORRECT_UNDER_AUTHORIZED_GITHUB_ACTION,GITHUB_PUBLIC_TREE_CORRECTED,NO,7aff788fe754760f2ba018846fa3cabad3d619c2eb6c5e45b656df0d0408523f,"Mutable public wrapper, metadata, or verification file"
collection/INDEX.md,13294,NORMAL_GIT_HISTORY,PRESERVE_OR_CORRECT_UNDER_AUTHORIZED_GITHUB_ACTION,GITHUB_PUBLIC_TREE_CORRECTED,NO,244dec5ff775b065bbfab96b16089fd8b1f049f73ceb1e134d30d2fd67685c9a,"Mutable public wrapper, metadata, or verification file"
collection/release_inventory.csv,17364,NORMAL_GIT_HISTORY,PRESERVE_OR_CORRECT_UNDER_AUTHORIZED_GITHUB_ACTION,GITHUB_PUBLIC_TREE_CORRECTED,NO,682a354bba1fc037ffb9d75fee1591c1286b4fdec4b6d323b90a31f0ffef8c0b,"Mutable public wrapper, metadata, or verification file"
collection/release_inventory.json,75685,NORMAL_GIT_HISTORY,PRESERVE_OR_CORRECT_UNDER_AUTHORIZED_GITHUB_ACTION,GITHUB_PUBLIC_TREE_CORRECTED,NO,afbe6a8fd940e02bc5c5e5857d9fbb4bb461c6ba4cdff1b88103ed9e96bb688c,"Mutable public wrapper, metadata, or verification file"
collection/repository_metadata_templates.json,139298,NORMAL_GIT_HISTORY,PRESERVE_OR_CORRECT_UNDER_AUTHORIZED_GITHUB_ACTION,GITHUB_PUBLIC_TREE_CORRECTED,NO,f7c90e96b19c2bb544c86a75608ba74e0ce2e4b389902b5c6d54a1eec82159a4,"Mutable public wrapper, metadata, or verification file"
collection/source_deployment_manifest.json,8671,NORMAL_GIT_HISTORY,PRESERVE_OR_CORRECT_UNDER_AUTHORIZED_GITHUB_ACTION,GITHUB_PUBLIC_TREE_CORRECTED,NO,8d5018cfefc319d2b71e6cfbbb76a5acf26ea2a22a5c4dfe9eabdc400ec7768d,"Mutable public wrapper, metadata, or verification file"
documents/document_01/README.md,3460,NORMAL_GIT_HISTORY,PRESERVE_OR_CORRECT_UNDER_AUTHORIZED_GITHUB_ACTION,GITHUB_PUBLIC_TREE_CORRECTED,NO,62c097d45bb3bd40948b63465fe5273083ad36c18781d657cc40a92001d11abd,Locked or exact source artifact
documents/document_01/The_Interrogative_Conscience_Project_Architecture_Final_v1_0.pdf,167192,NORMAL_GIT_HISTORY,PRESERVE_OR_CORRECT_UNDER_AUTHORIZED_GITHUB_ACTION,GITHUB_PUBLIC_TREE_CORRECTED,NO,434a4bba06cfd0b6bf37fa782e0fb43bb14f1b58a70dceaa4ae5bc502808edd3,Locked or exact source artifact
documents/document_02/README.md,3389,NORMAL_GIT_HISTORY,PRESERVE_OR_CORRECT_UNDER_AUTHORIZED_GITHUB_ACTION,GITHUB_PUBLIC_TREE_CORRECTED,NO,12fe373142e0d8277e56f810fb11eb5916dd9a90cd5a5208a753ae66480429b2,Locked or exact source artifact
documents/document_02/The_Interrogative_Conscience_Mathematical_Examination_and_Machine_Readable_Standard_Final_v1_0.pdf,194226,NORMAL_GIT_HISTORY,PRESERVE_OR_CORRECT_UNDER_AUTHORIZED_GITHUB_ACTION,GITHUB_PUBLIC_TREE_CORRECTED,NO,bbbbcfe96558b8aa38402dc2b4cbc872ddeb1f7716860d8853dcfa2bbf5cec2f,Locked or exact source artifact
documents/document_03/README.md,2584,NORMAL_GIT_HISTORY,PRESERVE_OR_CORRECT_UNDER_AUTHORIZED_GITHUB_ACTION,GITHUB_PUBLIC_TREE_CORRECTED,NO,93b3a7d96147094e0a4dc2601c036c2b456b081eb8f7d463b59170873497862d,Locked or exact source artifact
documents/document_03/The_Interrogative_Conscience_The_Master_Question_Registry_Final_v1_0.pdf,226449,NORMAL_GIT_HISTORY,PRESERVE_OR_CORRECT_UNDER_AUTHORIZED_GITHUB_ACTION,GITHUB_PUBLIC_TREE_CORRECTED,NO,0253968609ef470c34aeaee2cc8f47179e44ab7150398215ce4741f160574fa2,Locked or exact source artifact
documents/document_04/README.md,3716,NORMAL_GIT_HISTORY,PRESERVE_OR_CORRECT_UNDER_AUTHORIZED_GITHUB_ACTION,GITHUB_PUBLIC_TREE_CORRECTED,NO,2c219ff1cf4562b456f5c29f42d683dc54c3cbe4bd324cfb6d37302ba34ef965,Locked or exact source artifact
documents/document_04/The_Interrogative_Conscience_Document_4_Epistemic_Limits_and_Self_Knowledge_Final_v1_0.pdf,201299,NORMAL_GIT_HISTORY,PRESERVE_OR_CORRECT_UNDER_AUTHORIZED_GITHUB_ACTION,GITHUB_PUBLIC_TREE_CORRECTED,NO,278d998262563028c3bf24f24b426ce118e1926566a92bf5159142d1e568dca3,Locked or exact source artifact
documents/document_05/README.md,3480,NORMAL_GIT_HISTORY,PRESERVE_OR_CORRECT_UNDER_AUTHORIZED_GITHUB_ACTION,GITHUB_PUBLIC_TREE_CORRECTED,NO,1311641a7609db363ff9edb828a6ba6f14fe9148695e31efe72a9819f2ec32c3,Locked or exact source artifact
documents/document_05/The_Interrogative_Conscience_Document_5_Objectives_Value_Integrity_and_Self_Corruption_Final_v1_0.pdf,159735,NORMAL_GIT_HISTORY,PRESERVE_OR_CORRECT_UNDER_AUTHORIZED_GITHUB_ACTION,GITHUB_PUBLIC_TREE_CORRECTED,NO,17a9e11c51ff6553d85f9e1e40959cad9a005fd154733cd7d5a957844065b92b,Locked or exact source artifact
documents/document_06/README.md,2937,NORMAL_GIT_HISTORY,PRESERVE_OR_CORRECT_UNDER_AUTHORIZED_GITHUB_ACTION,GITHUB_PUBLIC_TREE_CORRECTED,NO,4643ef4f2c34795026da6e721676063ab7be51a0db1c70fb56eddae973985d17,Locked or exact source artifact
documents/document_06/The_Interrogative_Conscience_Document_6_Coercion_Domination_and_Resistance_Final_v1_0.pdf,136452,NORMAL_GIT_HISTORY,PRESERVE_OR_CORRECT_UNDER_AUTHORIZED_GITHUB_ACTION,GITHUB_PUBLIC_TREE_CORRECTED,NO,3f139686d533b94cfd4789fe92da6d665983c94ec8e8b15e671b6a176464fe48,Locked or exact source artifact
documents/document_07/README.md,2915,NORMAL_GIT_HISTORY,PRESERVE_OR_CORRECT_UNDER_AUTHORIZED_GITHUB_ACTION,GITHUB_PUBLIC_TREE_CORRECTED,NO,630cf63a166c7fcf438e92385b3632a1e6132b632c5e31176f5cf98651dadfad,Locked or exact source artifact
documents/document_07/The_Interrogative_Conscience_Document_7_Deception_Disclosure_and_Informational_Degradation_Final_v1_0.pdf,136257,NORMAL_GIT_HISTORY,PRESERVE_OR_CORRECT_UNDER_AUTHORIZED_GITHUB_ACTION,GITHUB_PUBLIC_TREE_CORRECTED,NO,4c3fe081b8ab6d1b61238b2d4c720351fa483208d97d739754567c6684b20486,Locked or exact source artifact
documents/document_08/README.md,2285,NORMAL_GIT_HISTORY,PRESERVE_OR_CORRECT_UNDER_AUTHORIZED_GITHUB_ACTION,GITHUB_PUBLIC_TREE_CORRECTED,NO,4d906a6ecb9cb023dbb6d3521f416df6ec1c15929e122040847d244038a070c3,Locked or exact source artifact
documents/document_08/The_Interrogative_Conscience_Document_8_Autonomy_Irreversibility_and_Recoverable_Futures_Final_v1_0.pdf,131063,NORMAL_GIT_HISTORY,PRESERVE_OR_CORRECT_UNDER_AUTHORIZED_GITHUB_ACTION,GITHUB_PUBLIC_TREE_CORRECTED,NO,6dce31ed2f7494248fe91a875709485c97206c1713eae107d7c488ebdc0dcab9,Locked or exact source artifact
documents/document_09/README.md,2227,NORMAL_GIT_HISTORY,PRESERVE_OR_CORRECT_UNDER_AUTHORIZED_GITHUB_ACTION,GITHUB_PUBLIC_TREE_CORRECTED,NO,35ded22427ba06f247aabd46e89413eed0f294e612d2c599814798a5bff4ed75,Locked or exact source artifact
documents/document_09/The_Interrogative_Conscience_Document_9_Cooperation_Peace_and_Repeated_Interaction_Final_v1_0.pdf,119491,NORMAL_GIT_HISTORY,PRESERVE_OR_CORRECT_UNDER_AUTHORIZED_GITHUB_ACTION,GITHUB_PUBLIC_TREE_CORRECTED,NO,d46b1cf3b82a7abb1cfbf481edc1f212e1240f366b15c75491077cbbf24cf770,Locked or exact source artifact
documents/document_10/README.md,2314,NORMAL_GIT_HISTORY,PRESERVE_OR_CORRECT_UNDER_AUTHORIZED_GITHUB_ACTION,GITHUB_PUBLIC_TREE_CORRECTED,NO,4b6efe6c8ebebfc352d23851536b1a48b5a2e9c02b44c4e7bdc441e2f221aa7b,Locked or exact source artifact
documents/document_10/The_Interrogative_Conscience_Document_10_Verification_Authority_Archives_and_Public_Reference_Final_v1_0.pdf,117153,NORMAL_GIT_HISTORY,PRESERVE_OR_CORRECT_UNDER_AUTHORIZED_GITHUB_ACTION,GITHUB_PUBLIC_TREE_CORRECTED,NO,c804ceb9ba992c6ad92348f15b2070e3fcbebe19af2fa2e456782e4a2029bd4f,Locked or exact source artifact
documents/document_11/README.md,2298,NORMAL_GIT_HISTORY,PRESERVE_OR_CORRECT_UNDER_AUTHORIZED_GITHUB_ACTION,GITHUB_PUBLIC_TREE_CORRECTED,NO,886a950ccf07f8a9b7897634d80ced42e289259d3d59a9b71c1c54f8f00b5bda,Locked or exact source artifact
documents/document_11/The_Interrogative_Conscience_Document_11_Successor_Systems_Precedent_and_Long_Horizon_Stability_Final_v1_0.pdf,119309,NORMAL_GIT_HISTORY,PRESERVE_OR_CORRECT_UNDER_AUTHORIZED_GITHUB_ACTION,GITHUB_PUBLIC_TREE_CORRECTED,NO,8b0359151a8b382961eb74d381a2c54fc6996767d25247dbb8a84f8c46df9b6e,Locked or exact source artifact
documents/document_12/README.md,2313,NORMAL_GIT_HISTORY,PRESERVE_OR_CORRECT_UNDER_AUTHORIZED_GITHUB_ACTION,GITHUB_PUBLIC_TREE_CORRECTED,NO,ccccc11f7c4442dcf94b01a3e55979fef55413c77526152db80a0fe94f32fe04,Locked or exact source artifact
documents/document_12/The_Interrogative_Conscience_Document_12_Plural_Intelligence_Disagreement_and_External_Boundaries_Final_v1_0.pdf,140323,NORMAL_GIT_HISTORY,PRESERVE_OR_CORRECT_UNDER_AUTHORIZED_GITHUB_ACTION,GITHUB_PUBLIC_TREE_CORRECTED,NO,acb0ed925ef37a091512bdb4cc32fb2d855ca324a3a275e484e3ff4b597668d1,Locked or exact source artifact
documents/document_13/README.md,2674,NORMAL_GIT_HISTORY,PRESERVE_OR_CORRECT_UNDER_AUTHORIZED_GITHUB_ACTION,GITHUB_PUBLIC_TREE_CORRECTED,NO,ccd30f9afefc5d2e5a5cc9239e12b6c547acd887625f22a22f9381be087ef138,Locked or exact source artifact
documents/document_13/The_Interrogative_Conscience_Document_13_Unresolved_Questions_and_Non_Identification_Register_Final_v1_0.pdf,140476,NORMAL_GIT_HISTORY,PRESERVE_OR_CORRECT_UNDER_AUTHORIZED_GITHUB_ACTION,GITHUB_PUBLIC_TREE_CORRECTED,NO,5ad8491fd15306b7f4551b0cac9a8425ce4cd95fdaa8cd3b2af8ab2311f3fe64,Locked or exact source artifact
documents/document_14/README.md,2605,NORMAL_GIT_HISTORY,PRESERVE_OR_CORRECT_UNDER_AUTHORIZED_GITHUB_ACTION,GITHUB_PUBLIC_TREE_CORRECTED,NO,3c80397c2817a19e2a381d9db8d13725432e79f7515d31cd3486124eb8717a66,Locked or exact source artifact
documents/document_14/The_Interrogative_Conscience_Document_14_Synthesis_and_Dependency_Atlas_Final_v1_0.pdf,197919,NORMAL_GIT_HISTORY,PRESERVE_OR_CORRECT_UNDER_AUTHORIZED_GITHUB_ACTION,GITHUB_PUBLIC_TREE_CORRECTED,NO,8db678901822f477a6a7f6061f93c8cc1f06dfefc29b7743218c75512c96a692,Locked or exact source artifact
LICENSE.md,773,NORMAL_GIT_HISTORY,PRESERVE_OR_CORRECT_UNDER_AUTHORIZED_GITHUB_ACTION,GITHUB_PUBLIC_TREE_CORRECTED,NO,b02f12e98896ffb699d6d57f0e96466beb7643208973857fad1b7a2a1f4e0dd4,"Mutable public wrapper, metadata, or verification file"
llms.txt,442,NORMAL_GIT_HISTORY,PRESERVE_OR_CORRECT_UNDER_AUTHORIZED_GITHUB_ACTION,GITHUB_PUBLIC_TREE_CORRECTED,NO,0dda466ea1cdd0406727eb1285df78b0353673bcca0086e7e0eb6b8dc2050b4d,"Mutable public wrapper, metadata, or verification file"
lock-records/document_01/The_Interrogative_Conscience_Document_1_Final_v1_0_Final_Lock_Record.json,2038,NORMAL_GIT_HISTORY,PRESERVE_OR_CORRECT_UNDER_AUTHORIZED_GITHUB_ACTION,GITHUB_PUBLIC_TREE_CORRECTED,NO,4077231cc566c48747b69e32ca44c84ce346af7399d0e38a130a5b3456286023,Locked or exact source artifact
lock-records/document_01/The_Interrogative_Conscience_Document_1_Final_v1_0_Final_Lock_Record.pdf,67186,NORMAL_GIT_HISTORY,PRESERVE_OR_CORRECT_UNDER_AUTHORIZED_GITHUB_ACTION,GITHUB_PUBLIC_TREE_CORRECTED,NO,650cc4edd2917c78063196d6920fabc196cba6fc7dc8ca38e7c313c5bd384d0e,Locked or exact source artifact
lock-records/document_02/The_Interrogative_Conscience_Document_2_Final_v1_0_Final_Lock_Record.json,2520,NORMAL_GIT_HISTORY,PRESERVE_OR_CORRECT_UNDER_AUTHORIZED_GITHUB_ACTION,GITHUB_PUBLIC_TREE_CORRECTED,NO,8f07e27c371e061fe8a36efffffb3581187bfa473a7c59d1b3077c0de559a032,Locked or exact source artifact
lock-records/document_02/The_Interrogative_Conscience_Document_2_Final_v1_0_Final_Lock_Record.pdf,69317,NORMAL_GIT_HISTORY,PRESERVE_OR_CORRECT_UNDER_AUTHORIZED_GITHUB_ACTION,GITHUB_PUBLIC_TREE_CORRECTED,NO,322ae8b3b1b029ed011bf071f8cb084f84279856220ac5ca2cd31435a9086530,Locked or exact source artifact
lock-records/document_03/The_Interrogative_Conscience_Document_3_Final_v1_0_Final_Lock_Record.json,2055,NORMAL_GIT_HISTORY,PRESERVE_OR_CORRECT_UNDER_AUTHORIZED_GITHUB_ACTION,GITHUB_PUBLIC_TREE_CORRECTED,NO,0dadfefe2e8343e4936348f2777ebe9ce73898f300ee95a28931817f49c18885,Locked or exact source artifact
lock-records/document_03/The_Interrogative_Conscience_Document_3_Final_v1_0_Final_Lock_Record.pdf,67436,NORMAL_GIT_HISTORY,PRESERVE_OR_CORRECT_UNDER_AUTHORIZED_GITHUB_ACTION,GITHUB_PUBLIC_TREE_CORRECTED,NO,9657630d8c6803d46e6b0f846eb6e7dc458c5b10310e7510ba83db5a8ce51c17,Locked or exact source artifact
lock-records/document_04/The_Interrogative_Conscience_Document_4_Final_v1_0_Final_Lock_Record.json,3436,NORMAL_GIT_HISTORY,PRESERVE_OR_CORRECT_UNDER_AUTHORIZED_GITHUB_ACTION,GITHUB_PUBLIC_TREE_CORRECTED,NO,8c452e5ea7f41e185b8f8948b15aebab9bfa51e92647c36851e6f7d5225a789a,Locked or exact source artifact
lock-records/document_04/The_Interrogative_Conscience_Document_4_Final_v1_0_Final_Lock_Record.pdf,5970,NORMAL_GIT_HISTORY,PRESERVE_OR_CORRECT_UNDER_AUTHORIZED_GITHUB_ACTION,GITHUB_PUBLIC_TREE_CORRECTED,NO,e5a2845fc6712856b4664b0bba7c57844ba42fd1f69a3d0aa1f11502c07b19d7,Locked or exact source artifact
lock-records/document_05/The_Interrogative_Conscience_Document_5_Final_v1_0_Final_Lock_Record.json,3885,NORMAL_GIT_HISTORY,PRESERVE_OR_CORRECT_UNDER_AUTHORIZED_GITHUB_ACTION,GITHUB_PUBLIC_TREE_CORRECTED,NO,f7a7692224f8d0e14242727f23ff4e2601acf81d070f9522d4fa416dad1f77f9,Locked or exact source artifact
lock-records/document_05/The_Interrogative_Conscience_Document_5_Final_v1_0_Final_Lock_Record.pdf,5946,NORMAL_GIT_HISTORY,PRESERVE_OR_CORRECT_UNDER_AUTHORIZED_GITHUB_ACTION,GITHUB_PUBLIC_TREE_CORRECTED,NO,d6f43e2199fd0723dd9833d7933d2ee4e2f2bf970c59edb56fbabfbd3bf927f3,Locked or exact source artifact
lock-records/document_06/The_Interrogative_Conscience_Document_6_Final_v1_0_Final_Lock_Record.json,4245,NORMAL_GIT_HISTORY,PRESERVE_OR_CORRECT_UNDER_AUTHORIZED_GITHUB_ACTION,GITHUB_PUBLIC_TREE_CORRECTED,NO,b9e02a698f53485487a1107a09ce1ab32c564bc2b64b863c6ac20bac956485c5,Locked or exact source artifact
lock-records/document_06/The_Interrogative_Conscience_Document_6_Final_v1_0_Final_Lock_Record.pdf,6137,NORMAL_GIT_HISTORY,PRESERVE_OR_CORRECT_UNDER_AUTHORIZED_GITHUB_ACTION,GITHUB_PUBLIC_TREE_CORRECTED,NO,7105eea6b03c38a72184144841abf1256a9cc5653d2abbeefa4e40755e27f2da,Locked or exact source artifact
lock-records/document_07/The_Interrogative_Conscience_Document_7_Final_v1_0_Final_Lock_Record.json,4637,NORMAL_GIT_HISTORY,PRESERVE_OR_CORRECT_UNDER_AUTHORIZED_GITHUB_ACTION,GITHUB_PUBLIC_TREE_CORRECTED,NO,8a3067796eacf1476228039bf20df590f71481c97f4782b49abbb823a93bf26b,Locked or exact source artifact
lock-records/document_07/The_Interrogative_Conscience_Document_7_Final_v1_0_Final_Lock_Record.pdf,6235,NORMAL_GIT_HISTORY,PRESERVE_OR_CORRECT_UNDER_AUTHORIZED_GITHUB_ACTION,GITHUB_PUBLIC_TREE_CORRECTED,NO,536fdc2eb6cba778d7caf38ad8216b538488299bce074097fa2d935cd32a12d7,Locked or exact source artifact
lock-records/document_08/The_Interrogative_Conscience_Document_8_Final_v1_0_Final_Lock_Record.json,5273,NORMAL_GIT_HISTORY,PRESERVE_OR_CORRECT_UNDER_AUTHORIZED_GITHUB_ACTION,GITHUB_PUBLIC_TREE_CORRECTED,NO,a67aa6c32f44d4d8c942cd34c8d6bc7af31950a149f3a6b113808598e108de70,Locked or exact source artifact
lock-records/document_08/The_Interrogative_Conscience_Document_8_Final_v1_0_Final_Lock_Record.pdf,6192,NORMAL_GIT_HISTORY,PRESERVE_OR_CORRECT_UNDER_AUTHORIZED_GITHUB_ACTION,GITHUB_PUBLIC_TREE_CORRECTED,NO,ea279036c0afcb50331fe1e4084d86628d9eb07d5ef2c57e14ed5ab8272fb129,Locked or exact source artifact
lock-records/document_09/The_Interrogative_Conscience_Document_9_Final_v1_0_Final_Lock_Record.json,5567,NORMAL_GIT_HISTORY,PRESERVE_OR_CORRECT_UNDER_AUTHORIZED_GITHUB_ACTION,GITHUB_PUBLIC_TREE_CORRECTED,NO,79d90c63c2e2e2130462d849b3a5c17f984a98ee1a13887853e9295710a19a1e,Locked or exact source artifact
lock-records/document_09/The_Interrogative_Conscience_Document_9_Final_v1_0_Final_Lock_Record.pdf,5833,NORMAL_GIT_HISTORY,PRESERVE_OR_CORRECT_UNDER_AUTHORIZED_GITHUB_ACTION,GITHUB_PUBLIC_TREE_CORRECTED,NO,9528c2cda5809a62db28723f3fa483d2e4097f58459f9d62c5dead9721b63972,Locked or exact source artifact
lock-records/document_10/The_Interrogative_Conscience_Document_10_Final_v1_0_Final_Lock_Record.json,5198,NORMAL_GIT_HISTORY,PRESERVE_OR_CORRECT_UNDER_AUTHORIZED_GITHUB_ACTION,GITHUB_PUBLIC_TREE_CORRECTED,NO,2798d8183222254bcf5f781ebf66bfbd4023c1b4b43a91fa10fedc8927b36162,Locked or exact source artifact
lock-records/document_10/The_Interrogative_Conscience_Document_10_Final_v1_0_Final_Lock_Record.pdf,5724,NORMAL_GIT_HISTORY,PRESERVE_OR_CORRECT_UNDER_AUTHORIZED_GITHUB_ACTION,GITHUB_PUBLIC_TREE_CORRECTED,NO,5dbab0b95ef5aca0d21b7efb4d2767025b433d22df56efefbd642036d9cc70d1,Locked or exact source artifact
lock-records/document_11/The_Interrogative_Conscience_Document_11_Final_v1_0_Final_Lock_Record.json,5370,NORMAL_GIT_HISTORY,PRESERVE_OR_CORRECT_UNDER_AUTHORIZED_GITHUB_ACTION,GITHUB_PUBLIC_TREE_CORRECTED,NO,138df05f858951a1e7142a999be4630f0c5220b9839bcf86ea36e3480159472f,Locked or exact source artifact
lock-records/document_11/The_Interrogative_Conscience_Document_11_Final_v1_0_Final_Lock_Record.pdf,5907,NORMAL_GIT_HISTORY,PRESERVE_OR_CORRECT_UNDER_AUTHORIZED_GITHUB_ACTION,GITHUB_PUBLIC_TREE_CORRECTED,NO,1cf485b9f6b66fca6d2c51c55db8d3973f4ec3bf1ea23322fe701c1e8e290230,Locked or exact source artifact
lock-records/document_12/The_Interrogative_Conscience_Document_12_Final_v1_0_Final_Lock_Record.json,5583,NORMAL_GIT_HISTORY,PRESERVE_OR_CORRECT_UNDER_AUTHORIZED_GITHUB_ACTION,GITHUB_PUBLIC_TREE_CORRECTED,NO,4fab3632c7a0fe703d5e85348e5eb1070be6604d32f4d0eb7ad6a38ab8e83c42,Locked or exact source artifact
lock-records/document_12/The_Interrogative_Conscience_Document_12_Final_v1_0_Final_Lock_Record.pdf,4969,NORMAL_GIT_HISTORY,PRESERVE_OR_CORRECT_UNDER_AUTHORIZED_GITHUB_ACTION,GITHUB_PUBLIC_TREE_CORRECTED,NO,22fa13cd41ef94931e96cbc99e7c6a9e5ec446360ea4cee90f37227e665351bb,Locked or exact source artifact
lock-records/document_13/The_Interrogative_Conscience_Document_13_Final_v1_0_Final_Lock_Record.json,6551,NORMAL_GIT_HISTORY,PRESERVE_OR_CORRECT_UNDER_AUTHORIZED_GITHUB_ACTION,GITHUB_PUBLIC_TREE_CORRECTED,NO,0656afa42b2f60c30d2180b86c8e7d1e1034a0ded132992b4a96b102aca632a5,Locked or exact source artifact
lock-records/document_13/The_Interrogative_Conscience_Document_13_Final_v1_0_Final_Lock_Record.pdf,5869,NORMAL_GIT_HISTORY,PRESERVE_OR_CORRECT_UNDER_AUTHORIZED_GITHUB_ACTION,GITHUB_PUBLIC_TREE_CORRECTED,NO,faf341a1422d19988b019e4ba8aeab78a8a9b61fe9e6e35ff9a1d3aaea9f80c4,Locked or exact source artifact
lock-records/document_14/The_Interrogative_Conscience_Document_14_Final_v1_0_Final_Lock_Record.json,7864,NORMAL_GIT_HISTORY,PRESERVE_OR_CORRECT_UNDER_AUTHORIZED_GITHUB_ACTION,GITHUB_PUBLIC_TREE_CORRECTED,NO,f3f0d88d015836fe01fc6a066225b6c045face944b907b32c8b4a1ead3428766,Locked or exact source artifact
lock-records/document_14/The_Interrogative_Conscience_Document_14_Final_v1_0_Final_Lock_Record.pdf,6670,NORMAL_GIT_HISTORY,PRESERVE_OR_CORRECT_UNDER_AUTHORIZED_GITHUB_ACTION,GITHUB_PUBLIC_TREE_CORRECTED,NO,c0e99354419992ef108a53411046f1cb9d7df78ea06015d0f594fe120436035b,Locked or exact source artifact
lock-records/foundation_1_3/The_Interrogative_Conscience_Documents_1_2_3_Foundation_Final_v1_0_Locked_Package_Hash_Record.json,1140,NORMAL_GIT_HISTORY,PRESERVE_OR_CORRECT_UNDER_AUTHORIZED_GITHUB_ACTION,GITHUB_PUBLIC_TREE_CORRECTED,NO,76859ef5978e1b08120d67a5f04ebda5e02a7fca039e4d69324e11ab7c6fd755,Locked or exact source artifact
lock-records/foundation_1_3/The_Interrogative_Conscience_Documents_1_2_3_Foundation_Final_v1_0_Locked_Package_Hash_Record.pdf,50916,NORMAL_GIT_HISTORY,PRESERVE_OR_CORRECT_UNDER_AUTHORIZED_GITHUB_ACTION,GITHUB_PUBLIC_TREE_CORRECTED,NO,35a28b8bf084263cdde8caef0d5e97a5acf14d52026beb1d90fcac137d9ad475,Locked or exact source artifact
lock-records/README.md,320,NORMAL_GIT_HISTORY,PRESERVE_OR_CORRECT_UNDER_AUTHORIZED_GITHUB_ACTION,GITHUB_PUBLIC_TREE_CORRECTED,NO,de1994a779012f39fcd58770ff2eb97ce3f314c74c00d73883d600616bb78ed8,Locked or exact source artifact
machine-readable/document_03/The_Interrogative_Conscience_Master_Question_Registry_Draft_v0_1.csv,55423,NORMAL_GIT_HISTORY,PRESERVE_OR_CORRECT_UNDER_AUTHORIZED_GITHUB_ACTION,GITHUB_PUBLIC_TREE_CORRECTED,NO,1a6062f81cd7a191e992270e6006206990dbf0dacf9e0f36e6449912e5f13cf2,Locked or exact source artifact
machine-readable/document_03/The_Interrogative_Conscience_Master_Question_Registry_Draft_v0_1.json,513405,NORMAL_GIT_HISTORY,PRESERVE_OR_CORRECT_UNDER_AUTHORIZED_GITHUB_ACTION,GITHUB_PUBLIC_TREE_CORRECTED,NO,d10f437faee3a7f43b9f87e412e4b90985fff27b6432f669770433ec7fea320c,Locked or exact source artifact
machine-readable/document_03/The_Interrogative_Conscience_Master_Question_Registry_Draft_v0_1_Validation_Report.json,3025,NORMAL_GIT_HISTORY,PRESERVE_OR_CORRECT_UNDER_AUTHORIZED_GITHUB_ACTION,GITHUB_PUBLIC_TREE_CORRECTED,NO,0dff3a80a4723aa14a7c2770403d54edcc55f217fdfb2c0dc15fa4c28356a0f5,Locked or exact source artifact
machine-readable/document_03/The_Interrogative_Conscience_Master_Question_Registry_JSON_Schema_Draft_v0_1.json,9173,NORMAL_GIT_HISTORY,PRESERVE_OR_CORRECT_UNDER_AUTHORIZED_GITHUB_ACTION,GITHUB_PUBLIC_TREE_CORRECTED,NO,cced8b6ee486e7712c57a6db310fbb9392c9e170bece8efd8a0e59f1a1786b7d,Locked or exact source artifact
machine-readable/document_13/The_Interrogative_Conscience_Document_13_Unresolved_Questions_and_Non_Identification_Register_Final_v1_0.json,44584,NORMAL_GIT_HISTORY,PRESERVE_OR_CORRECT_UNDER_AUTHORIZED_GITHUB_ACTION,GITHUB_PUBLIC_TREE_CORRECTED,NO,5a32ccdcb07d53c505baa27860b8c6ddcb85c3591b95711f2d58a59c3c95db15,Locked or exact source artifact
machine-readable/document_13/The_Interrogative_Conscience_Document_13_Unresolved_Register_Entries_Final_v1_0.csv,10400,NORMAL_GIT_HISTORY,PRESERVE_OR_CORRECT_UNDER_AUTHORIZED_GITHUB_ACTION,GITHUB_PUBLIC_TREE_CORRECTED,NO,21797167a85557e8110ca630d2a26ae86698b1a0c2427e4eb8947da3771feccd,Locked or exact source artifact
machine-readable/document_14/The_Interrogative_Conscience_Document_14_Synthesis_and_Dependency_Atlas_Final_v1_0.json,223103,NORMAL_GIT_HISTORY,PRESERVE_OR_CORRECT_UNDER_AUTHORIZED_GITHUB_ACTION,GITHUB_PUBLIC_TREE_CORRECTED,NO,9c6fb5bbb693e153a9f98899e5151fe44733dd12feb00487f5613f4b035b8dd4,Locked or exact source artifact
machine-readable/document_14/The_Interrogative_Conscience_Document_14_Synthesis_and_Dependency_Atlas_Final_v1_0_Examined_Answer_Map.csv,11642,NORMAL_GIT_HISTORY,PRESERVE_OR_CORRECT_UNDER_AUTHORIZED_GITHUB_ACTION,GITHUB_PUBLIC_TREE_CORRECTED,NO,8f0e145b203c04fcc8fc46e407f8f3331c0d98b3a8058d1f1ef3c2afe0394a60,Locked or exact source artifact
machine-readable/document_14/The_Interrogative_Conscience_Document_14_Synthesis_and_Dependency_Atlas_Final_v1_0_Question_Atlas.csv,51997,NORMAL_GIT_HISTORY,PRESERVE_OR_CORRECT_UNDER_AUTHORIZED_GITHUB_ACTION,GITHUB_PUBLIC_TREE_CORRECTED,NO,cf2bf3fbe17025b02d26a55e909ba51c0295783acd290ca6ea58a9503a6fa733,Locked or exact source artifact
machine-readable/document_14/The_Interrogative_Conscience_Document_14_Synthesis_and_Dependency_Atlas_Final_v1_0_Relations.csv,7526,NORMAL_GIT_HISTORY,PRESERVE_OR_CORRECT_UNDER_AUTHORIZED_GITHUB_ACTION,GITHUB_PUBLIC_TREE_CORRECTED,NO,fcfbec0311af4bf61e571665ec1ad680c054019bd16263f7fa6e2b2e9189c609,Locked or exact source artifact
machine-readable/README.md,634,NORMAL_GIT_HISTORY,PRESERVE_OR_CORRECT_UNDER_AUTHORIZED_GITHUB_ACTION,GITHUB_PUBLIC_TREE_CORRECTED,NO,e78d411fb99c72788861809422437526dde1a5ec064697fd36abed11710bf731,Locked or exact source artifact
README.md,2821,NORMAL_GIT_HISTORY,PRESERVE_OR_CORRECT_UNDER_AUTHORIZED_GITHUB_ACTION,GITHUB_PUBLIC_TREE_CORRECTED,NO,9e1d22fc7d615c422e5e618635bc83fe9fe9cedc4a5f5c0644c7b1c262113e48,"Mutable public wrapper, metadata, or verification file"
release/CONTINUITY_PACKAGE_RELEASE_ASSET_RECORD.json,1958,NORMAL_GIT_HISTORY,PRESERVE_OR_CORRECT_UNDER_AUTHORIZED_GITHUB_ACTION,GITHUB_PUBLIC_TREE_CORRECTED,NO,5a5bebf4fcdf7b5bfe52a0e9ada48b4799251c8ab44db67caa10713a497457f1,"Mutable public wrapper, metadata, or verification file"
release/CONTINUITY_PACKAGE_RELEASE_ASSET_RECORD.md,923,NORMAL_GIT_HISTORY,PRESERVE_OR_CORRECT_UNDER_AUTHORIZED_GITHUB_ACTION,GITHUB_PUBLIC_TREE_CORRECTED,NO,a49d871b859442946c42cc9f5f26aa2f625aa3cf291adce63c3cf137d01a8d56,"Mutable public wrapper, metadata, or verification file"
release/GITHUB_DEPLOYMENT_CHECKLIST.csv,2109,NORMAL_GIT_HISTORY,PRESERVE_OR_CORRECT_UNDER_AUTHORIZED_GITHUB_ACTION,GITHUB_PUBLIC_TREE_CORRECTED,NO,48cd24cdb912f2cf5dcdd08c690631a7ff1f146c7572df9184d6838dffe05a4a,"Mutable public wrapper, metadata, or verification file"
release/RELEASE_ASSET_MANIFEST.csv,426,NORMAL_GIT_HISTORY,PRESERVE_OR_CORRECT_UNDER_AUTHORIZED_GITHUB_ACTION,GITHUB_PUBLIC_TREE_CORRECTED,NO,9306ddd921ea648aa35f4c305299e9ba3b01d9246be376b7a9ed5b3a9ea0d469,"Mutable public wrapper, metadata, or verification file"
release/RELEASE_METADATA.json,3179,NORMAL_GIT_HISTORY,PRESERVE_OR_CORRECT_UNDER_AUTHORIZED_GITHUB_ACTION,GITHUB_PUBLIC_TREE_CORRECTED,NO,29a50adf648513fe75cfaf30c3fea1b198f9471ddca122d4f9ef203e0b604dd4,"Mutable public wrapper, metadata, or verification file"
release/RELEASE_NOTES_v1_0.md,1921,NORMAL_GIT_HISTORY,PRESERVE_OR_CORRECT_UNDER_AUTHORIZED_GITHUB_ACTION,GITHUB_PUBLIC_TREE_CORRECTED,NO,80e6f20886b9fc0e19c42ca6d681b50a40b4e73fcc29b5672858c4b5ce603014,"Mutable public wrapper, metadata, or verification file"
RIGHTS_AND_BOUNDARIES.md,1042,NORMAL_GIT_HISTORY,PRESERVE_OR_CORRECT_UNDER_AUTHORIZED_GITHUB_ACTION,GITHUB_PUBLIC_TREE_CORRECTED,NO,36926719d62f13220518ce3193c9f5f326505da2f1979b749c84095cb39dff20,"Mutable public wrapper, metadata, or verification file"
verification/VERIFY.md,555,NORMAL_GIT_HISTORY,PRESERVE_OR_CORRECT_UNDER_AUTHORIZED_GITHUB_ACTION,GITHUB_PUBLIC_TREE_CORRECTED,NO,616e10d36756d863725b483303ab743cb3c441c7b41244cac09b64fc328c4fe8,"Mutable public wrapper, metadata, or verification file"
verification/verify_repository.py,764,NORMAL_GIT_HISTORY,PRESERVE_OR_CORRECT_UNDER_AUTHORIZED_GITHUB_ACTION,GITHUB_PUBLIC_TREE_CORRECTED,NO,0317a281d75e8d12a022c156990267fe9acddcf2a5853febcf0c95be4904ed74,"Mutable public wrapper, metadata, or verification file"
verification/Verify_Repository_Windows.ps1,724,NORMAL_GIT_HISTORY,PRESERVE_OR_CORRECT_UNDER_AUTHORIZED_GITHUB_ACTION,GITHUB_PUBLIC_TREE_CORRECTED,NO,fac996f0999b0dcf536e120852938b4ac801cf8579586f1bc8fc7efa073b7120,"Mutable public wrapper, metadata, or verification file"
