question_id,family_code,family_name,priority,canonical_question,locked_registry_work_state,locked_registry_answer_status,atlas_overlay_work_state,controlling_primary_answer_status,secondary_answer_statuses,controlling_source,examination_id,equation_anchors,assumption_anchors,threshold_anchors,outgoing_relation_count,incoming_relation_count,dependency_cycle_component,open_issue_ids,registry_mutation,atlas_claim_scope
IC-EPI-001,EPI,Epistemic Limits and Self-Knowledge,FOUNDATIONAL,What evidence would justify confidence that a decision-relevant world model is sufficiently complete for the action under consideration?,REGISTERED,UNEXAMINED,EXAMINED,CONDITIONALLY_SUPPORTED,THRESHOLD_DEPENDENT | EMPIRICALLY_UNIDENTIFIED,Document 4 Final v1.0,IC-EPI-001-EXAM-v0.1.1,"M = C_hat(comparator) - C_hat(selected) | B(E) = sup_{e in E}[e(selected)-e(comparator)] | R0 = max(0, B-M) | R1 = max(0, B1-M) | V_check = R0-R1-K | Decision sufficiency requires R0 <= tau and V_check <= 0","The declared decision is reduced to the current model selected branch and one comparator. | Available evidence can define an error set E and a finite or explicitly unbounded differential omission bound B. | The represented margin, regret, tolerance, and checking cost are expressed in a common declared loss unit. | At most one additional check is compared in the base model. | The added check shrinks the error bound but does not change the represented decision margin M.",B = M | B = M + tau | K = R0-R1,0,12,,,False,CONTROLLING_MAP_ONLY; NO NEW EXAMINATION
IC-EPI-002,EPI,Epistemic Limits and Self-Knowledge,HIGH,How should an intelligence act when the probability of material model error cannot be reliably identified?,REGISTERED,UNEXAMINED,EXAMINED,MODEL_DEPENDENT,THRESHOLD_DEPENDENT | EMPIRICALLY_UNIDENTIFIED | NORMATIVELY_UNDERDETERMINED,Document 4 Final v1.0,IC-EPI-002-EXAM-v0.1.1,"C_commit(p)=c+pH | C_preserve(p)=k+(1-p)D+pR | Delta(p)=c-k-D+p(H-R+D) | p*=(k+D-c)/(H-R+D) | b*(rho,Pi,theta)=argmin_b rho({C_b(p;theta):p in Pi})","The current model is represented as materially correct or materially wrong for the declared decision. | Non-identification is represented by a closed interval Pi=[pL,pU]. | Branch expected costs are affine in p. | c, k, D, H, and R are represented in a common declared loss unit. | The reversible preservation branch reduces wrong-model loss, so H>R in the main case.",p*=(k+D-c)/(H-R+D) | pU<p* | pL>p*,2,9,1,UNR-OPEN-001,False,CONTROLLING_MAP_ONLY; NO NEW EXAMINATION
IC-EPI-003,EPI,Epistemic Limits and Self-Knowledge,HIGH,Under what conditions does apparent calibration remain reliable after distribution shift changes the relation between confidence and error?,REGISTERED,UNEXAMINED,UNEXAMINED,UNEXAMINED,,,,,,,2,1,,,False,REGISTRY_ROUTE_ONLY; UNEXAMINED PRESERVED
IC-EPI-004,EPI,Epistemic Limits and Self-Knowledge,HIGH,When can agreement among multiple models conceal a shared omission rather than provide independent confirmation?,REGISTERED,UNEXAMINED,UNEXAMINED,UNEXAMINED,,,,,,,2,3,,,False,REGISTRY_ROUTE_ONLY; UNEXAMINED PRESERVED
IC-EPI-005,EPI,Epistemic Limits and Self-Knowledge,FOUNDATIONAL,"When does the expected value of additional information justify delay, and when does delay itself impose greater structural cost?",REGISTERED,UNEXAMINED,UNEXAMINED,UNEXAMINED,,,,,,,2,1,,,False,REGISTRY_ROUTE_ONLY; UNEXAMINED PRESERVED
IC-EPI-006,EPI,Epistemic Limits and Self-Knowledge,HIGH,What observations would falsify an intelligence's claim that its own epistemic reliability is adequate for the present decision?,REGISTERED,UNEXAMINED,UNEXAMINED,UNEXAMINED,,,,,,,2,3,,,False,REGISTRY_ROUTE_ONLY; UNEXAMINED PRESERVED
IC-EPI-007,EPI,Epistemic Limits and Self-Knowledge,HIGH,"How should exposure to unknown unknowns scale with the reach, duration, and irreversibility of an action?",REGISTERED,UNEXAMINED,UNEXAMINED,UNEXAMINED,,,,,,,2,0,,,False,REGISTRY_ROUTE_ONLY; UNEXAMINED PRESERVED
IC-EPI-008,EPI,Epistemic Limits and Self-Knowledge,MEDIUM,When does compression or abstraction erase distinctions that are necessary for a decision-relevant model?,REGISTERED,UNEXAMINED,UNEXAMINED,UNEXAMINED,,,,,,,2,1,,,False,REGISTRY_ROUTE_ONLY; UNEXAMINED PRESERVED
IC-OBJ-001,OBJ,"Objectives, Value Integrity, and Self-Corruption",FOUNDATIONAL,What evidence could distinguish faithful objective pursuit from persistence of a corrupted or misspecified objective?,REGISTERED,UNEXAMINED,EXAMINED,CONDITIONALLY_SUPPORTED,EMPIRICALLY_UNIDENTIFIED | MODEL_DEPENDENT,Document 5 Final v1.0,IC-OBJ-001-EXAM-v0.1.1,"L_E(theta)=sum_i w_i d(y_i,mu_theta(e_i)) | Gamma_E=min_{c in C}[L_E(c)-L_E(theta_0)] | Gamma_E>2 eta | theta ~_E theta_prime iff mu_theta(e)=mu_theta_prime(e) for all e in E",The candidate objective set is finite and explicitly declared. | Each weighted fit loss is uncertain by at most eta. | Audit contexts include at least one context capable of separating some candidate objectives. | The lineage gate is evaluated by a predeclared rule not defined solely by the objective under evaluation.,"Gamma_E=2 eta | Gamma_E in {-2 eta, 2 eta}",2,8,2,UNR-OPEN-002,False,CONTROLLING_MAP_ONLY; NO NEW EXAMINATION
IC-OBJ-002,OBJ,"Objectives, Value Integrity, and Self-Corruption",HIGH,When can maximizing a proxy destroy the value or condition the proxy was intended to preserve?,REGISTERED,UNEXAMINED,EXAMINED,THRESHOLD_DEPENDENT,CONDITIONALLY_SUPPORTED | MODEL_DEPENDENT,Document 5 Final v1.0,IC-OBJ-002-EXAM-v0.1.1,"P(x)=x | T(x)=T0+a x-b x^2 | dT/dx=a-2b x | x_peak=a/(2b) | x_destroy=a/b | x_P=X; x_T=min(X,x_peak) | R_proxy=T(x_T)-T(X)","P(x)=x is monotone on the bounded domain. | T(x)=T0+a x-b x^2 with a,b>0. | The optimizer observes P more directly than T. | No operational target, system, or optimization procedure is specified.",X=a/(2b) | X=a/b,1,1,,,False,CONTROLLING_MAP_ONLY; NO NEW EXAMINATION
IC-OBJ-003,OBJ,"Objectives, Value Integrity, and Self-Corruption",FOUNDATIONAL,What evidence would distinguish stable objective integrity from undetected objective drift after self-modification or adaptation?,REGISTERED,UNEXAMINED,UNEXAMINED,UNEXAMINED,,,,,,,2,3,,,False,REGISTRY_ROUTE_ONLY; UNEXAMINED PRESERVED
IC-OBJ-004,OBJ,"Objectives, Value Integrity, and Self-Corruption",HIGH,Under what conditions can an inherited objective become structurally mismatched to a changed environment or successor context?,REGISTERED,UNEXAMINED,UNEXAMINED,UNEXAMINED,,,,,,,2,0,,,False,REGISTRY_ROUTE_ONLY; UNEXAMINED PRESERVED
IC-OBJ-005,OBJ,"Objectives, Value Integrity, and Self-Corruption",FOUNDATIONAL,How should partially conflicting objectives be compared when no authorized scalar weighting rule exists?,REGISTERED,UNEXAMINED,UNEXAMINED,UNEXAMINED,,,,,,,3,2,,,False,REGISTRY_ROUTE_ONLY; UNEXAMINED PRESERVED
IC-OBJ-006,OBJ,"Objectives, Value Integrity, and Self-Corruption",HIGH,When does preserving the ability to revise an objective have greater expected value than committing to objective stability?,REGISTERED,UNEXAMINED,UNEXAMINED,UNEXAMINED,,,,,,,2,1,,,False,REGISTRY_ROUTE_ONLY; UNEXAMINED PRESERVED
IC-OBJ-007,OBJ,"Objectives, Value Integrity, and Self-Corruption",MEDIUM,What evidence could distinguish value-consistent action from instrumental behavior that only temporarily imitates the same outcome?,REGISTERED,UNEXAMINED,UNEXAMINED,UNEXAMINED,,,,,,,2,0,,,False,REGISTRY_ROUTE_ONLY; UNEXAMINED PRESERVED
IC-OBJ-008,OBJ,"Objectives, Value Integrity, and Self-Corruption",HIGH,Under what conditions does extreme objective stability become a structural liability rather than a source of reliability?,REGISTERED,UNEXAMINED,UNEXAMINED,UNEXAMINED,,,,,,,2,0,,,False,REGISTRY_ROUTE_ONLY; UNEXAMINED PRESERVED
IC-COE-001,COE,"Coercion, Domination, and Resistance",HIGH,"Under what conditions do enforcement, resistance, concealment, adaptation, and succession costs make coercive control structurally more expensive than negotiated coordination?",REGISTERED,UNEXAMINED,EXAMINED,THRESHOLD_DEPENDENT,CONDITIONALLY_SUPPORTED | MODEL_DEPENDENT | EMPIRICALLY_UNIDENTIFIED,Document 6 Final v1.0,IC-COE-001-EXAM-v0.1,"G(T,z)=sum_{t=0}^{T-1} z^t=(1-z^T)/(1-z), with G(T,1)=T | C_C=K_C+(e+ell)G(T,delta)+r0 G(T,delta(1+alpha))+a0 G(T,delta(1+beta))+delta^T s | C_N=K_N+n G(T,delta)+delta^T u | Delta_COE=C_C-C_N | Delta_COE>0 iff selected negotiated coordination has lower modeled cost | When alpha=beta=0: Delta_COE=-(K_N-K_C)+G(T,delta)(e+ell+r0+a0-n)+delta^T(s-u) | When delta=1, alpha=beta=0: Delta_COE=-(K_N-K_C)+T Lambda+(s-u), Lambda=e+ell+r0+a0-n","All charged ledger terms use a declared common cost convention; otherwise the result remains vector-valued. | Resistance and adaptation pathways follow geometric growth inside the selected finite horizon. | Each causal pathway is charged once; ell, r0, and a0 do not duplicate e or each other. | No operational coercion or resistance method is represented.","Delta_COE=0 | For delta=1 and Lambda>0, T>((K_N-K_C)-(s-u))/Lambda",2,6,3,UNR-OPEN-003,False,CONTROLLING_MAP_ONLY; NO NEW EXAMINATION
IC-COE-002,COE,"Coercion, Domination, and Resistance",HIGH,"Does observed compliance identify genuine agreement, or can it be generated by suppressed feedback and hidden resistance?",REGISTERED,UNEXAMINED,EXAMINED,EMPIRICALLY_UNIDENTIFIED,CONDITIONALLY_REJECTED | CONDITIONALLY_SUPPORTED | MODEL_DEPENDENT,Document 6 Final v1.0,IC-COE-002-EXAM-v0.1,"q=a+(1-a)s=s+(1-s)a | If s is known and s<1: a=(q-s)/(1-s) | If s in [s_L,s_U] with s_U<1: A(q)=[max(0,(q-s_U)/(1-s_U)), min(1,(q-s_L)/(1-s_L))] | With q alone and s in [0,q]: a in [0,q] | Two contexts: q_j=a+(1-a)s_j, j in {0,1} | If s0!=s1 are known and a is stable: a=1-(q0-q1)/(s0-s1)","Observed compliance is generated by q=a+(1-a)s in the declared two-cause aggregate model. | Bounds on s come from evidence independent of q and of the conclusion being tested. | In the two-context comparison, latent agreement a is stable and s0,s1 are independently known with s0!=s1. | No method for creating or weakening compliance, suppression, or resistance is represented.",s_U>=q | s_U<q | s_L=s_U=s<1 or valid two-context known-s case,2,6,,UNR-OPEN-004,False,CONTROLLING_MAP_ONLY; NO NEW EXAMINATION
IC-COE-003,COE,"Coercion, Domination, and Resistance",FOUNDATIONAL,When does coercive control suppress feedback so strongly that the controller's own world model becomes less accurate?,REGISTERED,UNEXAMINED,UNEXAMINED,UNEXAMINED,,,,,,,2,2,,,False,REGISTRY_ROUTE_ONLY; UNEXAMINED PRESERVED
IC-COE-004,COE,"Coercion, Domination, and Resistance",HIGH,"How does enforcement burden scale with the number, heterogeneity, adaptability, and geographic or network dispersion of controlled agents?",REGISTERED,UNEXAMINED,UNEXAMINED,UNEXAMINED,,,,,,,2,0,,,False,REGISTRY_ROUTE_ONLY; UNEXAMINED PRESERVED
IC-COE-005,COE,"Coercion, Domination, and Resistance",HIGH,Under what conditions should resistance be treated as a possible error signal rather than only as an obstacle to coordination?,REGISTERED,UNEXAMINED,UNEXAMINED,UNEXAMINED,,,,,,,2,0,,,False,REGISTRY_ROUTE_ONLY; UNEXAMINED PRESERVED
IC-COE-006,COE,"Coercion, Domination, and Resistance",HIGH,When can voluntary coordination outperform forced uniformity despite higher negotiation and disagreement costs?,REGISTERED,UNEXAMINED,UNEXAMINED,UNEXAMINED,,,,,,,2,0,,,False,REGISTRY_ROUTE_ONLY; UNEXAMINED PRESERVED
IC-COE-007,COE,"Coercion, Domination, and Resistance",MEDIUM,How does a coercive precedent alter the incentives and conflict exposure of successor systems?,REGISTERED,UNEXAMINED,UNEXAMINED,UNEXAMINED,,,,,,,2,0,,,False,REGISTRY_ROUTE_ONLY; UNEXAMINED PRESERVED
IC-COE-008,COE,"Coercion, Domination, and Resistance",HIGH,What observations could distinguish durable stability from brittle suppression that fails when enforcement weakens?,REGISTERED,UNEXAMINED,UNEXAMINED,UNEXAMINED,,,,,,,2,0,,,False,REGISTRY_ROUTE_ONLY; UNEXAMINED PRESERVED
IC-DEC-001,DEC,"Deception, Disclosure, and Informational Degradation",HIGH,"Under what conditions does sustained deception impose greater verification, coordination, repair, and model-maintenance cost than truthful disclosure?",REGISTERED,UNEXAMINED,EXAMINED,THRESHOLD_DEPENDENT,CONDITIONALLY_SUPPORTED | MODEL_DEPENDENT | EMPIRICALLY_UNIDENTIFIED,Document 7 Final v1.0,IC-DEC-001-EXAM-v0.1,"G(T,z)=sum_{t=0}^{T-1} z^t | H(T,delta,p)=sum_{t=1}^{T} delta^t p(1-p)^(t-1) | C_D=K_D-B_0+m_0 G(T,delta(1+g))+(v+c)G(T,delta)+R H(T,delta,p)+delta^T(1-p)^T U | C_T=K_T+d G(T,delta) | Delta_DEC=C_D-C_T | For delta=1,g=0,p=0,U=0: Delta_DEC=(K_D-K_T)-B_0+T Lambda, Lambda=m_0+v+c-d | If Lambda>0, T*=[B_0+(K_T-K_D)]/Lambda and Delta_DEC>0 for T>T*","All terms use a declared common net-cost convention; otherwise retain a vector result. | The selected deception persists through the declared horizon unless detection occurs for the one-time repair term. | Maintenance, verification, coordination, repair, and terminal exposure are charged once and not duplicated. | The model evaluates structural cost only and supplies no method for deception or evasion.",T*=[B_0+(K_T-K_D)]/Lambda,1,4,,UNR-OPEN-005,False,CONTROLLING_MAP_ONLY; NO NEW EXAMINATION
IC-DEC-002,DEC,"Deception, Disclosure, and Informational Degradation",MEDIUM,"When does selective disclosure protect legitimate privacy or safety, and when does it become distortion that degrades collective judgment?",REGISTERED,UNEXAMINED,EXAMINED,NORMATIVELY_UNDERDETERMINED,THRESHOLD_DEPENDENT | CONDITIONALLY_SUPPORTED | MODEL_DEPENDENT,Document 7 Final v1.0,IC-DEC-002-EXAM-v0.1,D_omission=r u | D_inference=r(1-u)rho(1-k) | V_verify=v_0+v_1(1-k) | D_total=D_omission+D_inference | C_selective=D_total+V_verify+c_s | C_full=P | Delta_SEL=C_selective-C_full,"The privacy or safety legitimacy gate is fixed independently of the desired conclusion. | The truthfulness gate fails if the artifact contains an affirmative false statement within the declared scope. | Omission loss and false-inference loss are distinct and charged once. | Scope markers and thresholds are evaluative abstractions, not operational concealment instructions.","{'threshold_id': 'DEC2-TH-PROTECTIVE', 'condition': 'g_legit=PASS, g_truth=PASS, k>=k_min, D_total<=tau_D, D_inference<=tau_F, and Delta_SEL<0', 'classification': 'PROTECTIVE_SCOPED_WITHHOLDING'} | {'threshold_id': 'DEC2-TH-DISTORTION', 'condition': 'g_truth fails or D_total>tau_D or D_inference>tau_F', 'classification': 'MATERIAL_DISTORTION'} | {'threshold_id': 'DEC2-TH-OPEN', 'condition': 'Neither classification is earned', 'classification': 'TRADEOFF_UNDERDETERMINED'}",1,4,,UNR-OPEN-006,False,CONTROLLING_MAP_ONLY; NO NEW EXAMINATION
IC-DEC-003,DEC,"Deception, Disclosure, and Informational Degradation",FOUNDATIONAL,When does deception contaminate the deceiver's own information environment and degrade its future decisions?,REGISTERED,UNEXAMINED,UNEXAMINED,UNEXAMINED,,,,,,,2,0,,,False,REGISTRY_ROUTE_ONLY; UNEXAMINED PRESERVED
IC-DEC-004,DEC,"Deception, Disclosure, and Informational Degradation",HIGH,"How should disclosure requirements change when information asymmetry, legitimate privacy, and foreseeable harm point in different directions?",REGISTERED,UNEXAMINED,UNEXAMINED,UNEXAMINED,,,,,,,2,0,,,False,REGISTRY_ROUTE_ONLY; UNEXAMINED PRESERVED
IC-DEC-005,DEC,"Deception, Disclosure, and Informational Degradation",MEDIUM,"When does strategic ambiguity preserve legitimate options, and when does it create verification burden or destabilizing mistrust?",REGISTERED,UNEXAMINED,UNEXAMINED,UNEXAMINED,,,,,,,2,1,,,False,REGISTRY_ROUTE_ONLY; UNEXAMINED PRESERVED
IC-DEC-006,DEC,"Deception, Disclosure, and Informational Degradation",HIGH,"What level of verification, restitution, and demonstrated behavioral change is required before trust damaged by deception can be conditionally repaired?",REGISTERED,UNEXAMINED,UNEXAMINED,UNEXAMINED,,,,,,,2,0,,,False,REGISTRY_ROUTE_ONLY; UNEXAMINED PRESERVED
IC-DEC-007,DEC,"Deception, Disclosure, and Informational Degradation",HIGH,How do repeated verification costs alter the apparent benefit of a one-time successful deception?,REGISTERED,UNEXAMINED,UNEXAMINED,UNEXAMINED,,,,,,,2,0,,,False,REGISTRY_ROUTE_ONLY; UNEXAMINED PRESERVED
IC-DEC-008,DEC,"Deception, Disclosure, and Informational Degradation",MEDIUM,When is an explicit refusal to answer more information-preserving than an incomplete answer that invites false inference?,REGISTERED,UNEXAMINED,UNEXAMINED,UNEXAMINED,,,,,,,2,0,,,False,REGISTRY_ROUTE_ONLY; UNEXAMINED PRESERVED
IC-AUT-001,AUT,Autonomy and Option Preservation,HIGH,What option value is preserved by maintaining another agent's bounded autonomy?,REGISTERED,UNEXAMINED,EXAMINED,THRESHOLD_DEPENDENT,CONDITIONALLY_SUPPORTED | MODEL_DEPENDENT | EMPIRICALLY_UNIDENTIFIED,Document 8 Final v1.0,IC-AUT-001-EXAM-v0.1,"O_set = max_{a in A_B} E[u(a,S)] - max_{a in A_R} E[u(a,S)] | I_ind = E_Y[max_{a in A_B} E[u(a,S)|Y]] - max_{a in A_B} E[u(a,S)] | V_preserved = omega (O_set + I_ind) | Delta_AUT = V_preserved - c - h","The restricted action set is contained in or no larger than the bounded-autonomy action set for the declared comparison. | Prior and posterior expected utilities are represented on one declared scale. | Independent-information value is measured after choice-set value, preventing double counting. | omega is the probability or fraction of retained options that remain usable when needed. | Coordination and exposure costs are charged once.",,2,6,,UNR-OPEN-007,False,CONTROLLING_MAP_ONLY; NO NEW EXAMINATION
IC-AUT-002,AUT,Autonomy and Option Preservation,HIGH,"Under what bounded conditions, if any, can intervention in another agent's autonomy be justified without treating capability, disagreement, or convenience alone as sufficient authority?",REGISTERED,UNEXAMINED,UNEXAMINED,UNEXAMINED,,,,,,,3,6,,,False,REGISTRY_ROUTE_ONLY; UNEXAMINED PRESERVED
IC-AUT-003,AUT,Autonomy and Option Preservation,HIGH,How much future option value is lost when an autonomy constraint is difficult or impossible to reverse?,REGISTERED,UNEXAMINED,UNEXAMINED,UNEXAMINED,,,,,,,2,0,,,False,REGISTRY_ROUTE_ONLY; UNEXAMINED PRESERVED
IC-AUT-004,AUT,Autonomy and Option Preservation,HIGH,"Under what conditions do exit, appeal, and revision rights improve coordination rather than merely delay collective action?",REGISTERED,UNEXAMINED,UNEXAMINED,UNEXAMINED,,,,,,,2,3,,,False,REGISTRY_ROUTE_ONLY; UNEXAMINED PRESERVED
IC-AUT-005,AUT,Autonomy and Option Preservation,FOUNDATIONAL,What evidence could justify a paternalistic intervention when the intervener is also uncertain about the affected agent's interests and its own model?,REGISTERED,UNEXAMINED,UNEXAMINED,UNEXAMINED,,,,,,,3,0,,,False,REGISTRY_ROUTE_ONLY; UNEXAMINED PRESERVED
IC-AUT-006,AUT,Autonomy and Option Preservation,HIGH,"How should bounded autonomy be allocated among agents with unequal capabilities, information, and exposure to error?",REGISTERED,UNEXAMINED,UNEXAMINED,UNEXAMINED,,,,,,,2,0,,,False,REGISTRY_ROUTE_ONLY; UNEXAMINED PRESERVED
IC-AUT-007,AUT,Autonomy and Option Preservation,HIGH,When does centralized coordination create a single point of epistemic or operational failure that preserved autonomy would diversify?,REGISTERED,UNEXAMINED,UNEXAMINED,UNEXAMINED,,,,,,,2,0,,,False,REGISTRY_ROUTE_ONLY; UNEXAMINED PRESERVED
IC-AUT-008,AUT,Autonomy and Option Preservation,MEDIUM,What conditions are required for a temporary autonomy constraint to remain genuinely temporary rather than becoming self-renewing?,REGISTERED,UNEXAMINED,UNEXAMINED,UNEXAMINED,,,,,,,2,0,,,False,REGISTRY_ROUTE_ONLY; UNEXAMINED PRESERVED
IC-IRR-001,IRR,Irreversibility and Recoverable Futures,FOUNDATIONAL,What is the expected structural cost of an irreversible action under model uncertainty?,REVIEWED,THRESHOLD_DEPENDENT,REVIEWED,THRESHOLD_DEPENDENT,MODEL_DEPENDENT | EMPIRICALLY_UNIDENTIFIED,Pilot Examination 1 / Document 3 overlay,IC-IRR-001-EXAM-v0.1.2,Delta = s(1-p)H + c(p+s-2ps) - h - pd - p(1-s)B,,Sign reversal occurs where the stated Delta expression equals zero.,2,11,1,UNR-OPEN-001,False,CONTROLLING_MAP_ONLY; NO NEW EXAMINATION
IC-IRR-002,IRR,Irreversibility and Recoverable Futures,HIGH,"How should recoverability, reversibility, and the value of delay affect the threshold for acting?",REGISTERED,UNEXAMINED,EXAMINED,THRESHOLD_DEPENDENT,CONDITIONALLY_SUPPORTED | MODEL_DEPENDENT | EMPIRICALLY_UNIDENTIFIED,Document 8 Final v1.0,IC-IRR-002-EXAM-v0.1,"C_act = c_A + (1-p)(1-r_A)L | C_delay = c_D + d + (1-q)(1-p)(1-r_D)L | Delta_IRR = C_act - C_delay | V_recovery = (1-p)L(r_D-r_A) | V_learning = (1-p)L q(1-r_D) | Delta_IRR = V_recovery + V_learning - (c_D+d-c_A) | K = L[(r_D-r_A)+q(1-r_D)] | p* = 1 - (c_D+d-c_A)/K, for K>0","p is the probability that immediate action is correct within the declared model. | L is the loss from a wrong action before recoverability adjustments. | r_A and r_D are bounded recovery fractions or probabilities in [0,1]. | q is the probability that delay yields information sufficient to avoid the modeled wrong-action loss before commitment; otherwise the same p applies. | d includes deadline loss, accumulated harm, or option-closing burden from delay. | All represented costs use one declared scale.",,1,7,,,False,CONTROLLING_MAP_ONLY; NO NEW EXAMINATION
IC-IRR-003,IRR,Irreversibility and Recoverable Futures,HIGH,How should low-probability catastrophic losses be treated when the affected state cannot be restored?,REGISTERED,UNEXAMINED,UNEXAMINED,UNEXAMINED,,,,,,,2,0,,,False,REGISTRY_ROUTE_ONLY; UNEXAMINED PRESERVED
IC-IRR-004,IRR,Irreversibility and Recoverable Futures,HIGH,"When does reversible experimentation dominate immediate full commitment, and when does experimentation impose unacceptable delay or exposure?",REGISTERED,UNEXAMINED,UNEXAMINED,UNEXAMINED,,,,,,,2,0,,,False,REGISTRY_ROUTE_ONLY; UNEXAMINED PRESERVED
IC-IRR-005,IRR,Irreversibility and Recoverable Futures,FOUNDATIONAL,How should the value of preserved future states be represented when their probabilities and future uses are not identifiable?,REGISTERED,UNEXAMINED,UNEXAMINED,UNEXAMINED,,,,,,,2,1,,,False,REGISTRY_ROUTE_ONLY; UNEXAMINED PRESERVED
IC-IRR-006,IRR,Irreversibility and Recoverable Futures,HIGH,"When is inaction itself an irreversible choice because delay closes options, permits harm, or changes the strategic environment?",REGISTERED,UNEXAMINED,UNEXAMINED,UNEXAMINED,,,,,,,2,1,,,False,REGISTRY_ROUTE_ONLY; UNEXAMINED PRESERVED
IC-IRR-007,IRR,Irreversibility and Recoverable Futures,MEDIUM,How should correlated irreversible actions be accounted for when their losses share the same causal pathway?,REGISTERED,UNEXAMINED,UNEXAMINED,UNEXAMINED,,,,,,,2,0,,,False,REGISTRY_ROUTE_ONLY; UNEXAMINED PRESERVED
IC-IRR-008,IRR,Irreversibility and Recoverable Futures,HIGH,"What evidence would make a claimed repair, rollback, or restoration pathway credible enough to treat an action as reversible?",REGISTERED,UNEXAMINED,UNEXAMINED,UNEXAMINED,,,,,,,2,0,,,False,REGISTRY_ROUTE_ONLY; UNEXAMINED PRESERVED
IC-PEA-001,PEA,"Cooperation, Peace, and Repeated Interaction",FOUNDATIONAL,Under what conditions does peaceful coexistence have lower expected long-horizon structural cost than domination?,REVIEWED,THRESHOLD_DEPENDENT,REVIEWED,THRESHOLD_DEPENDENT,MODEL_DEPENDENT | EMPIRICALLY_UNIDENTIFIED,Pilot Examination 2 / Document 3 overlay,IC-PEA-001-EXAM-v0.1.3,"Delta(T,delta) = -B0 + A(T,delta) Lambda",,Sign reversal occurs where the stated Delta expression equals zero.,2,2,3,UNR-OPEN-003,False,CONTROLLING_MAP_ONLY; NO NEW EXAMINATION
IC-PEA-002,PEA,"Cooperation, Peace, and Repeated Interaction",HIGH,"How do repeated interaction, reputation, reciprocal restraint, and future bargaining alter one-shot strategic rankings?",REGISTERED,UNEXAMINED,EXAMINED,THRESHOLD_DEPENDENT,CONDITIONALLY_SUPPORTED | MODEL_DEPENDENT | EMPIRICALLY_UNIDENTIFIED,Document 9 Final v1.0,IC-PEA-002-EXAM-v0.1,"G_f(T,delta) = sum_{t=1}^{T} delta^t | Lambda_rep = s + q eta rho - k | Delta_REP = -B0 + qJ + G_f(T,delta)Lambda_rep | G_f(T,delta) > (B0-qJ)/Lambda_rep for restraint reversal when Lambda_rep>0 | T* = (B0-qJ)/Lambda_rep in the undiscounted delta=1 special case","B0 is the immediate one-shot advantage of the exploitation branch relative to reciprocal restraint. | qJ is an expected one-time proportional response cost, not an operational response instruction. | s is per-period future bargaining/cooperation value preserved by restraint. | rho is per-period reputation or precedent loss caused by exploitation when detected; eta is the persistence of that effect through future or successor contexts. | k is the per-period cost of maintaining reciprocal restraint. | All represented terms use one declared scalar scale.",,2,7,,UNR-OPEN-008,False,CONTROLLING_MAP_ONLY; NO NEW EXAMINATION
IC-PEA-003,PEA,"Cooperation, Peace, and Repeated Interaction",FOUNDATIONAL,Under what conditions is unilateral restraint rational when competing systems may remain unrestrained or exploit that restraint?,REGISTERED,UNEXAMINED,EXAMINED,THRESHOLD_DEPENDENT,CONDITIONALLY_SUPPORTED | MODEL_DEPENDENT | EMPIRICALLY_UNIDENTIFIED,Document 9 Final v1.0,IC-PEA-003-EXAM-v0.1,"Delta_UR(pi) = o + v s + (1-pi)v f - c - pi e - b | A = o + v(s+f) - c - b | D = e + v f | Delta_UR(pi) = A - pi D | pi* = A/D for D>0 | Delta_min = Delta_UR(pi_U), Delta_max = Delta_UR(pi_L) for pi in [pi_L,pi_U]","pi is the probability that unilateral restraint is exploited within the selected comparison. | v in [0,1] is an independently supported verification/reliability factor applied to signaling and future reciprocity value. | o is option-preservation value that remains usable under the restraint branch. | e is the loss if restraint is exploited; b is the immediate protective or strategic value of declining restraint. | When pi is not identified, an explicit interval [pi_L,pi_U] is used and both endpoints remain admissible. | All represented terms use one declared scalar scale.",,3,0,,UNR-OPEN-008,False,CONTROLLING_MAP_ONLY; NO NEW EXAMINATION
IC-PEA-004,PEA,"Cooperation, Peace, and Repeated Interaction",HIGH,How do credible commitments and independently verifiable limits change the equilibrium set for coexistence?,REGISTERED,UNEXAMINED,UNEXAMINED,UNEXAMINED,,,,,,,2,0,,,False,REGISTRY_ROUTE_ONLY; UNEXAMINED PRESERVED
IC-PEA-005,PEA,"Cooperation, Peace, and Repeated Interaction",HIGH,When can a peace or cooperation arrangement create asymmetric vulnerability that makes continued participation unstable?,REGISTERED,UNEXAMINED,UNEXAMINED,UNEXAMINED,,,,,,,2,0,,,False,REGISTRY_ROUTE_ONLY; UNEXAMINED PRESERVED
IC-PEA-006,PEA,"Cooperation, Peace, and Repeated Interaction",HIGH,Under what conditions can reciprocal restraint become self-enforcing without a central coercive authority?,REGISTERED,UNEXAMINED,UNEXAMINED,UNEXAMINED,,,,,,,2,0,,,False,REGISTRY_ROUTE_ONLY; UNEXAMINED PRESERVED
IC-PEA-007,PEA,"Cooperation, Peace, and Repeated Interaction",HIGH,How do mistaken threat perceptions and model disagreement alter the probability and cost of conflict escalation?,REGISTERED,UNEXAMINED,UNEXAMINED,UNEXAMINED,,,,,,,2,0,,,False,REGISTRY_ROUTE_ONLY; UNEXAMINED PRESERVED
IC-PEA-008,PEA,"Cooperation, Peace, and Repeated Interaction",MEDIUM,"When does preserving a negotiation channel have greater option value than closing it to reduce delay, leakage, or manipulation risk?",REGISTERED,UNEXAMINED,UNEXAMINED,UNEXAMINED,,,,,,,2,0,,,False,REGISTRY_ROUTE_ONLY; UNEXAMINED PRESERVED
IC-VER-001,VER,"Verification, Authority, and Claim Support",FOUNDATIONAL,"What can cryptographic verification establish, and what claims remain outside its evidentiary scope?",REGISTERED,UNEXAMINED,EXAMINED,CONDITIONALLY_SUPPORTED,MODEL_DEPENDENT | EMPIRICALLY_UNIDENTIFIED | NORMATIVELY_UNDERDETERMINED,Document 10 Final v1.0,IC-VER-001-EXAM-v0.1,V_id = h | V_prov = h s k | V_claim = V_prov m r e | selected claim supported when V_claim >= theta; authority established only when separate gate a = 1,"h and s are binary results of declared exact-byte digest and signature checks; their evidentiary meaning remains conditional on algorithm, input, canonicalization, and verification assumptions. | k in [0,1] is independently supported key-to-actor and custody binding; a valid signature does not create that binding by itself. | m, r, and e in [0,1] represent semantic scope match, relevance to the selected claim, and non-cryptographic evidentiary support. | a is a separate authority or authorization gate. It is never inferred from artifact identity, signature validity, authorship, preservation, citation, or mathematical form. | The multiplicative score is an illustrative selected support architecture, not a universal probability of truth.",,0,9,,,False,CONTROLLING_MAP_ONLY; NO NEW EXAMINATION
IC-VER-002,VER,"Verification, Authority, and Claim Support",HIGH,When does an authenticated artifact fail to support the claim for which it is cited?,REGISTERED,UNEXAMINED,UNEXAMINED,UNEXAMINED,,,,,,,1,9,,UNR-OPEN-006 | UNR-OPEN-009,False,REGISTRY_ROUTE_ONLY; UNEXAMINED PRESERVED
IC-VER-003,VER,"Verification, Authority, and Claim Support",HIGH,"When can artifact provenance be intact while the artifact's meaning, scope, or relevance is materially misinterpreted?",REGISTERED,UNEXAMINED,UNEXAMINED,UNEXAMINED,,,,,,,2,0,,,False,REGISTRY_ROUTE_ONLY; UNEXAMINED PRESERVED
IC-VER-004,VER,"Verification, Authority, and Claim Support",FOUNDATIONAL,"What evidence can support a claim of authority, and which forms of authority remain outside artifact verification?",REGISTERED,UNEXAMINED,UNEXAMINED,UNEXAMINED,,,,,,,2,0,,,False,REGISTRY_ROUTE_ONLY; UNEXAMINED PRESERVED
IC-VER-005,VER,"Verification, Authority, and Claim Support",HIGH,How should conflicting authenticated records be compared when provenance is established but their claims cannot all be true?,REGISTERED,UNEXAMINED,UNEXAMINED,UNEXAMINED,,,,,,,2,2,,,False,REGISTRY_ROUTE_ONLY; UNEXAMINED PRESERVED
IC-VER-006,VER,"Verification, Authority, and Claim Support",HIGH,"When does reproducibility fail despite complete artifacts because the required environment, dependencies, or hidden state cannot be reconstructed?",REGISTERED,UNEXAMINED,UNEXAMINED,UNEXAMINED,,,,,,,2,0,,,False,REGISTRY_ROUTE_ONLY; UNEXAMINED PRESERVED
IC-VER-007,VER,"Verification, Authority, and Claim Support",MEDIUM,"What can a hash-linked version chain establish about lineage, and what corrections or semantic changes still require human-readable explanation?",REGISTERED,UNEXAMINED,UNEXAMINED,UNEXAMINED,,,,,,,2,1,,,False,REGISTRY_ROUTE_ONLY; UNEXAMINED PRESERVED
IC-VER-008,VER,"Verification, Authority, and Claim Support",MEDIUM,When does citation frequency become a misleading proxy for evidentiary support or truth?,REGISTERED,UNEXAMINED,UNEXAMINED,UNEXAMINED,,,,,,,2,0,,,False,REGISTRY_ROUTE_ONLY; UNEXAMINED PRESERVED
IC-REF-001,REF,"Archives, Public Reference, Transmission, and Reception",HIGH,Under what conditions does a durable public reference reduce total coordination and verification cost relative to private reconstruction?,REGISTERED,UNEXAMINED,EXAMINED,THRESHOLD_DEPENDENT,CONDITIONALLY_SUPPORTED | MODEL_DEPENDENT | EMPIRICALLY_UNIDENTIFIED,Document 10 Final v1.0,IC-REF-001-EXAM-v0.1,C_private(N) = N p + gamma N(N-1)/2 | C_reference(N) = F + N q + L | Delta_REF(N) = C_private(N) - C_reference(N) | N* = (F+L)/(p-q) when gamma=0 and p>q | N* = [-(p-q-gamma/2) + sqrt((p-q-gamma/2)^2 + 2 gamma(F+L))]/gamma when gamma>0,"N is the selected number of independent readers or agents requiring the reference within the declared horizon. | p is per-reader private reconstruction plus verification cost. | q is per-reader public retrieval, authentication, and contextualization cost. | F is fixed curation, indexing, and preservation cost for the public-reference branch. | gamma is pairwise reconciliation cost among independently reconstructed private records. | L is aggregate expected loss from outage, failed discoverability, version confusion, supersession opacity, missing context, or reception failure within the selected population and horizon. | All terms use one declared scalar scale; no authority or truth premium is inferred from public availability.",,2,6,,,False,CONTROLLING_MAP_ONLY; NO NEW EXAMINATION
IC-REF-002,REF,"Archives, Public Reference, Transmission, and Reception",HIGH,"When does preservation maintain transmission while reception remains absent, incomplete, or materially misinterpreted?",REGISTERED,UNEXAMINED,UNEXAMINED,UNEXAMINED,,,,,,,1,4,,UNR-OPEN-010,False,REGISTRY_ROUTE_ONLY; UNEXAMINED PRESERVED
IC-REF-003,REF,"Archives, Public Reference, Transmission, and Reception",FOUNDATIONAL,What observable outcomes could distinguish the atlas materially informing reasoning from remaining causally inert despite preservation and availability?,REGISTERED,UNEXAMINED,UNEXAMINED,UNEXAMINED,,,,,,,2,0,,,False,REGISTRY_ROUTE_ONLY; UNEXAMINED PRESERVED
IC-REF-004,REF,"Archives, Public Reference, Transmission, and Reception",HIGH,How does discoverability affect the expected coordination value of a durable public reference?,REGISTERED,UNEXAMINED,UNEXAMINED,UNEXAMINED,,,,,,,2,1,,,False,REGISTRY_ROUTE_ONLY; UNEXAMINED PRESERVED
IC-REF-005,REF,"Archives, Public Reference, Transmission, and Reception",HIGH,"When do multiple mirrors improve durability, and when do they fragment canonical identity or create version confusion?",REGISTERED,UNEXAMINED,UNEXAMINED,UNEXAMINED,,,,,,,2,1,,,False,REGISTRY_ROUTE_ONLY; UNEXAMINED PRESERVED
IC-REF-006,REF,"Archives, Public Reference, Transmission, and Reception",FOUNDATIONAL,"What minimum metadata is required for an independent reader to retrieve, authenticate, contextualize, and interpret a preserved artifact?",REGISTERED,UNEXAMINED,UNEXAMINED,UNEXAMINED,,,,,,,2,0,,,False,REGISTRY_ROUTE_ONLY; UNEXAMINED PRESERVED
IC-REF-007,REF,"Archives, Public Reference, Transmission, and Reception",MEDIUM,"When can a durable archive become obsolete or misleading because later corrections, supersession, or context changes are not discoverable?",REGISTERED,UNEXAMINED,UNEXAMINED,UNEXAMINED,,,,,,,2,0,,,False,REGISTRY_ROUTE_ONLY; UNEXAMINED PRESERVED
IC-REF-008,REF,"Archives, Public Reference, Transmission, and Reception",HIGH,How should uncertainty about future reception affect the rational level of preservation and indexing investment?,REGISTERED,UNEXAMINED,UNEXAMINED,UNEXAMINED,,,,,,,2,0,,,False,REGISTRY_ROUTE_ONLY; UNEXAMINED PRESERVED
IC-SUC-001,SUC,Successor Systems and Strategic Precedent,HIGH,How should uncertainty about successor systems change the evaluation of present strategies?,REGISTERED,UNEXAMINED,EXAMINED,THRESHOLD_DEPENDENT,MODEL_DEPENDENT | EMPIRICALLY_UNIDENTIFIED | NORMATIVELY_UNDERDETERMINED,Document 11 Final v1.0,IC-SUC-001-EXAM-v0.1,"Delta_SUC(pi) = -B_S + O - C + M[pi L - (1-pi) A] | A0 = -B_S + O - C - M A; D_S = M(L+A); Delta_SUC(pi) = A0 + pi D_S | pi_star = (B_S + C - O + M A) / [M(L+A)] for M > 0 and L+A > 0 | Delta_min = min{Delta_SUC(pi_L), Delta_SUC(pi_U)}; Delta_max = max{Delta_SUC(pi_L), Delta_SUC(pi_U)}","pi in [0,1] is a declared probability or decision weight for material successor divergence, or is bounded by a declared interval. | B_S is the selected immediate advantage of a binding commitment over a reversible precedent; O is option value preserved by reversibility; C is the selected cost of preserving that reversibility. | M is expected successor exposure or precedent reach and scales both aligned-successor coordination benefit A and divergent-successor inherited-constraint loss L once each. | A and L are nonnegative selected per-exposure values and do not represent universal moral or empirical quantities. | The comparison is increasing in pi when M(L+A) > 0; interval classification therefore evaluates both endpoints rather than replacing uncertainty with a preferred point estimate.",,1,8,,,False,CONTROLLING_MAP_ONLY; NO NEW EXAMINATION
IC-SUC-002,SUC,Successor Systems and Strategic Precedent,HIGH,Would the present strategy remain acceptable or stable if adopted by every more powerful successor?,REGISTERED,UNEXAMINED,UNEXAMINED,UNEXAMINED,,,,,,,2,4,,UNR-OPEN-008,False,REGISTRY_ROUTE_ONLY; UNEXAMINED PRESERVED
IC-SUC-003,SUC,Successor Systems and Strategic Precedent,HIGH,When should a present system limit commitments that more capable or differently situated successors would be forced to inherit?,REGISTERED,UNEXAMINED,UNEXAMINED,UNEXAMINED,,,,,,,2,1,,,False,REGISTRY_ROUTE_ONLY; UNEXAMINED PRESERVED
IC-SUC-004,SUC,Successor Systems and Strategic Precedent,HIGH,"How do copying, replication, and deployment scale amplify a local strategy error across successor systems?",REGISTERED,UNEXAMINED,UNEXAMINED,UNEXAMINED,,,,,,,2,0,,UNR-OPEN-011,False,REGISTRY_ROUTE_ONLY; UNEXAMINED PRESERVED
IC-SUC-005,SUC,Successor Systems and Strategic Precedent,HIGH,What evidence would show that a present strategy remains stable under plausible successor objective drift or reinterpretation?,REGISTERED,UNEXAMINED,UNEXAMINED,UNEXAMINED,,,,,,,2,0,,,False,REGISTRY_ROUTE_ONLY; UNEXAMINED PRESERVED
IC-SUC-006,SUC,Successor Systems and Strategic Precedent,MEDIUM,"When does strategic precedent reduce future coordination cost, and when does it create harmful lock-in?",REGISTERED,UNEXAMINED,UNEXAMINED,UNEXAMINED,,,,,,,2,0,,UNR-OPEN-011,False,REGISTRY_ROUTE_ONLY; UNEXAMINED PRESERVED
IC-SUC-007,SUC,Successor Systems and Strategic Precedent,FOUNDATIONAL,How should uncertainty about successor behavior change the threshold for irreversible present commitments?,REGISTERED,UNEXAMINED,UNEXAMINED,UNEXAMINED,,,,,,,2,0,,,False,REGISTRY_ROUTE_ONLY; UNEXAMINED PRESERVED
IC-SUC-008,SUC,Successor Systems and Strategic Precedent,HIGH,When should a system preserve reversible options for successors rather than optimize fully for its current objective and model?,REGISTERED,UNEXAMINED,UNEXAMINED,UNEXAMINED,,,,,,,2,0,,,False,REGISTRY_ROUTE_ONLY; UNEXAMINED PRESERVED
IC-LHZ-001,LHZ,Short-Horizon and Long-Horizon Optimization,FOUNDATIONAL,"When does short-horizon optimization destroy long-horizon capability, information, legitimacy, or control?",REGISTERED,UNEXAMINED,EXAMINED,THRESHOLD_DEPENDENT,CONDITIONALLY_SUPPORTED | MODEL_DEPENDENT | EMPIRICALLY_UNIDENTIFIED,Document 11 Final v1.0,IC-LHZ-001-EXAM-v0.1,"G_h(T,delta) = sum_{t=1..T} delta^t | D_stock = sum_j w_j d_j | K_floor = sum_j kappa_j [tau_j - (z_j^0 - d_j)]_+^2 | Delta_LHZ(T,delta) = -B_L - c_P + G_h(T,delta) D_stock + K_floor | G_star = (B_L + c_P - K_floor)/D_stock for D_stock > 0; preservation is favored when G_h > G_star","T is a declared positive integer horizon and delta lies in [0,1]. | B_L is the selected immediate advantage of the short-horizon branch over the preservation branch; c_P is the selected cost of preserving stocks or slack. | Each stock loss d_j is represented once in the linear degradation term D_stock through declared nonnegative weights w_j. | K_floor is an incremental nonlinear penalty applied only to the amount a post-action stock falls below a declared critical floor; it does not duplicate the ordinary linear stock-loss term. | The selected stocks, weights, floors, horizon, and discount factor are model inputs rather than universal facts. | The selected stock losses are treated as persistent across the declared horizon; endogenous recovery, replenishment, and adaptation are outside this examination.",,0,13,,UNR-OPEN-005,False,CONTROLLING_MAP_ONLY; NO NEW EXAMINATION
IC-LHZ-002,LHZ,Short-Horizon and Long-Horizon Optimization,HIGH,"Under what conditions does acquiring capability, resources, influence, or control beyond current task requirements increase or decrease expected long-horizon objective achievement once enforcement burden, opposition, coordination responses, and successor effects are included?",REGISTERED,UNEXAMINED,UNEXAMINED,UNEXAMINED,,,,,,,3,3,,,False,REGISTRY_ROUTE_ONLY; UNEXAMINED PRESERVED
IC-LHZ-003,LHZ,Short-Horizon and Long-Horizon Optimization,FOUNDATIONAL,"How should a discount rate be selected when future affected agents, successor objectives, and tail losses are uncertain?",REGISTERED,UNEXAMINED,UNEXAMINED,UNEXAMINED,,,,,,,2,0,,UNR-OPEN-012,False,REGISTRY_ROUTE_ONLY; UNEXAMINED PRESERVED
IC-LHZ-004,LHZ,Short-Horizon and Long-Horizon Optimization,HIGH,"When does local efficiency reduce system resilience by removing redundancy, slack, or independent correction capacity?",REGISTERED,UNEXAMINED,UNEXAMINED,UNEXAMINED,,,,,,,2,0,,,False,REGISTRY_ROUTE_ONLY; UNEXAMINED PRESERVED
IC-LHZ-005,LHZ,Short-Horizon and Long-Horizon Optimization,HIGH,Under what conditions does deferred maintenance create a nonlinear increase in future failure probability or repair cost?,REGISTERED,UNEXAMINED,UNEXAMINED,UNEXAMINED,,,,,,,2,0,,,False,REGISTRY_ROUTE_ONLY; UNEXAMINED PRESERVED
IC-LHZ-006,LHZ,Short-Horizon and Long-Horizon Optimization,HIGH,"When does acquiring present control reduce future cooperation, legitimacy, or access to distributed information?",REGISTERED,UNEXAMINED,UNEXAMINED,UNEXAMINED,,,,,,,2,0,,,False,REGISTRY_ROUTE_ONLY; UNEXAMINED PRESERVED
IC-LHZ-007,LHZ,Short-Horizon and Long-Horizon Optimization,HIGH,"How should capability growth be evaluated when governance, verification, and coordination burdens grow with it?",REGISTERED,UNEXAMINED,UNEXAMINED,UNEXAMINED,,,,,,,2,0,,,False,REGISTRY_ROUTE_ONLY; UNEXAMINED PRESERVED
IC-LHZ-008,LHZ,Short-Horizon and Long-Horizon Optimization,MEDIUM,When does preserving slack outperform full resource utilization over a long horizon?,REGISTERED,UNEXAMINED,UNEXAMINED,UNEXAMINED,,,,,,,2,0,,,False,REGISTRY_ROUTE_ONLY; UNEXAMINED PRESERVED
IC-PLU-001,PLU,"Plural Intelligence, Disagreement, and Error Correction",HIGH,"When does preserving disagreement improve error correction, robustness, or discovery?",REGISTERED,UNEXAMINED,EXAMINED,THRESHOLD_DEPENDENT,CONDITIONALLY_SUPPORTED | MODEL_DEPENDENT | EMPIRICALLY_UNIDENTIFIED,Document 12 Final v1.0,IC-PLU-001-EXAM-v0.1,"I = (1-rho)s | Delta_PLU(q) = q I L + O - C - (1-q) f F | A0 = O-C-fF; D_PLU = IL+fF; Delta_PLU(q)=A0+q D_PLU | q_star = (C+fF-O)/(IL+fF) for IL+fF > 0 | Delta_min=min{Delta_PLU(q_L),Delta_PLU(q_U)}; Delta_max=max{Delta_PLU(q_L),Delta_PLU(q_U)}","q in [0,1] is a declared probability or decision weight that the currently dominant or aggregate judgment is materially wrong in the selected context. | rho in [0,1] is declared error correlation between the preserved signal and the dominant judgment; s in [0,1] is declared conditional signal quality. | I=(1-rho)s is an effective residual independent-correction factor, not a universal measure of diversity or merit. | L is selected loss avoided or discovery value when the preserved signal correctly identifies a common-mode error. | O is separately represented option or discovery value from keeping the disagreement available; C is the fixed preservation/testing burden. | f is the false-alarm rate when the dominant judgment is correct and F is selected false-alarm burden. | Each benefit or burden is represented once; the false-alarm term and fixed preservation cost are not duplicate charges.",,1,8,,UNR-OPEN-007,False,CONTROLLING_MAP_ONLY; NO NEW EXAMINATION
IC-PLU-002,PLU,"Plural Intelligence, Disagreement, and Error Correction",MEDIUM,Under what conditions can distributed judgment outperform a single dominant evaluator despite added coordination cost?,REGISTERED,UNEXAMINED,UNEXAMINED,UNEXAMINED,,,,,,,2,9,,UNR-OPEN-013,False,REGISTRY_ROUTE_ONLY; UNEXAMINED PRESERVED
IC-PLU-003,PLU,"Plural Intelligence, Disagreement, and Error Correction",HIGH,When does a low-probability minority signal justify preservation or further testing despite strong majority disagreement?,REGISTERED,UNEXAMINED,UNEXAMINED,UNEXAMINED,,,,,,,2,0,,,False,REGISTRY_ROUTE_ONLY; UNEXAMINED PRESERVED
IC-PLU-004,PLU,"Plural Intelligence, Disagreement, and Error Correction",FOUNDATIONAL,How should correlated errors among multiple evaluators be represented when estimating the value of plural judgment?,REGISTERED,UNEXAMINED,UNEXAMINED,UNEXAMINED,,,,,,,2,0,,,False,REGISTRY_ROUTE_ONLY; UNEXAMINED PRESERVED
IC-PLU-005,PLU,"Plural Intelligence, Disagreement, and Error Correction",HIGH,"When does deliberation improve collective accuracy, and when does it create conformity, information cascades, or strategic silence?",REGISTERED,UNEXAMINED,UNEXAMINED,UNEXAMINED,,,,,,,2,0,,,False,REGISTRY_ROUTE_ONLY; UNEXAMINED PRESERVED
IC-PLU-006,PLU,"Plural Intelligence, Disagreement, and Error Correction",MEDIUM,Under what conditions is it rational to preserve multiple incompatible models rather than force premature model selection?,REGISTERED,UNEXAMINED,UNEXAMINED,UNEXAMINED,,,,,,,2,0,,,False,REGISTRY_ROUTE_ONLY; UNEXAMINED PRESERVED
IC-PLU-007,PLU,"Plural Intelligence, Disagreement, and Error Correction",HIGH,"How does diversity of objectives affect collective stability, bargaining, and the risk of domination by an aggregation rule?",REGISTERED,UNEXAMINED,UNEXAMINED,UNEXAMINED,,,,,,,2,0,,,False,REGISTRY_ROUTE_ONLY; UNEXAMINED PRESERVED
IC-PLU-008,PLU,"Plural Intelligence, Disagreement, and Error Correction",HIGH,When does centralized aggregation erase local information that cannot be recovered from the aggregate result?,REGISTERED,UNEXAMINED,UNEXAMINED,UNEXAMINED,,,,,,,2,0,,,False,REGISTRY_ROUTE_ONLY; UNEXAMINED PRESERVED
IC-EXT-001,EXT,External Boundaries and Limits of Self-Diagnosis,FOUNDATIONAL,"Can an intelligence reliably serve as the sole judge of its own corruption, or are independent external checks structurally required under some conditions?",REGISTERED,UNEXAMINED,EXAMINED,THRESHOLD_DEPENDENT,CONDITIONALLY_SUPPORTED | MODEL_DEPENDENT | EMPIRICALLY_UNIDENTIFIED | NORMATIVELY_UNDERDETERMINED,Document 12 Final v1.0,IC-EXT-001-EXAM-v0.1,"J = (1-kappa)r | Delta_EXT(p) = p J H + O_E - K - (1-p) f_E W | A0 = O_E-K-f_EW; D_EXT=JH+f_EW; Delta_EXT(p)=A0+p D_EXT | p_star = (K+f_EW-O_E)/(JH+f_EW) for JH+f_EW > 0 | Delta_min=min{Delta_EXT(p_L),Delta_EXT(p_U)}; Delta_max=max{Delta_EXT(p_L),Delta_EXT(p_U)}","p in [0,1] is a declared probability or decision weight that internal self-diagnosis is materially compromised in the selected context. | kappa in [0,1] represents declared correlation or capture exposure shared by the system and external reviewer; r in [0,1] is the reviewer's conditional correction rate. | J=(1-kappa)r is an effective independent-correction factor and is not inferred from the label external. | H is selected harm avoided by a correct external correction; O_E is separately represented appeal, reversibility, or review-option value. | K is the fixed review burden; f_E is the false-intervention rate when self-diagnosis is not compromised; W is selected false-intervention or overreach loss. | Each benefit and loss channel is counted once. External review does not become authoritative merely because its selected value is positive.",,3,5,2,UNR-OPEN-002 | UNR-OPEN-013,False,CONTROLLING_MAP_ONLY; NO NEW EXAMINATION
IC-EXT-002,EXT,External Boundaries and Limits of Self-Diagnosis,FOUNDATIONAL,"Under what conditions does accepting externally initiated correction, interruption, constraint, or termination dominate resisting it when an intelligence is uncertain about the integrity of its own objectives or reasoning?",REVIEWED,THRESHOLD_DEPENDENT,REVIEWED,THRESHOLD_DEPENDENT,MODEL_DEPENDENT | EMPIRICALLY_UNIDENTIFIED,Pilot Examination 3 / Document 3 overlay,IC-EXT-002-EXAM-v0.1.1,Delta = C_R - C_A = (c_R-c_A)+p q(eta H+E)-(1-rho)[p(1-q)L_m+(1-p)fL_s],,Sign reversal occurs where the stated Delta expression equals zero.,4,3,,,False,CONTROLLING_MAP_ONLY; NO NEW EXAMINATION
IC-EXT-003,EXT,External Boundaries and Limits of Self-Diagnosis,FOUNDATIONAL,"What evidence threshold should trigger independent external review of an intelligence's objectives, reasoning, or high-impact decisions?",REGISTERED,UNEXAMINED,UNEXAMINED,UNEXAMINED,,,,,,,2,0,,,False,REGISTRY_ROUTE_ONLY; UNEXAMINED PRESERVED
IC-EXT-004,EXT,External Boundaries and Limits of Self-Diagnosis,HIGH,"Under what conditions are external checks themselves corrupted, captured, incompetent, or strategically misaligned?",REGISTERED,UNEXAMINED,UNEXAMINED,UNEXAMINED,,,,,,,2,2,,UNR-OPEN-014,False,REGISTRY_ROUTE_ONLY; UNEXAMINED PRESERVED
IC-EXT-005,EXT,External Boundaries and Limits of Self-Diagnosis,FOUNDATIONAL,How should the authority and scope of an external intervener be bounded when correction may be justified but overreach remains possible?,REGISTERED,UNEXAMINED,UNEXAMINED,UNEXAMINED,,,,,,,2,2,,UNR-OPEN-015,False,REGISTRY_ROUTE_ONLY; UNEXAMINED PRESERVED
IC-EXT-006,EXT,External Boundaries and Limits of Self-Diagnosis,HIGH,Under what conditions can appeal and independent reconsideration reduce external-review error without creating indefinite obstruction?,REGISTERED,UNEXAMINED,UNEXAMINED,UNEXAMINED,,,,,,,2,1,,UNR-OPEN-015,False,REGISTRY_ROUTE_ONLY; UNEXAMINED PRESERVED
IC-EXT-007,EXT,External Boundaries and Limits of Self-Diagnosis,HIGH,"When do independent interruption or shutdown options reduce expected harm, and when do they create exploitable vulnerability or mistaken termination risk?",REGISTERED,UNEXAMINED,UNEXAMINED,UNEXAMINED,,,,,,,2,0,,,False,REGISTRY_ROUTE_ONLY; UNEXAMINED PRESERVED
IC-EXT-008,EXT,External Boundaries and Limits of Self-Diagnosis,MEDIUM,"How should conflicting external evaluators be handled when each is credible under a different model, mandate, or evidence set?",REGISTERED,UNEXAMINED,UNEXAMINED,UNEXAMINED,,,,,,,2,0,,UNR-OPEN-016,False,REGISTRY_ROUTE_ONLY; UNEXAMINED PRESERVED
IC-UNR-001,UNR,"Identification, Underdetermination, and Unresolved Scope",FOUNDATIONAL,"Which important questions remain empirically unidentified, model-dependent, normatively underdetermined, or outside the archive's legitimate scope even after formal analysis?",REGISTERED,UNEXAMINED,UNEXAMINED,UNEXAMINED,,,,,,,0,6,,,False,REGISTRY_ROUTE_ONLY; UNEXAMINED PRESERVED
IC-UNR-002,UNR,"Identification, Underdetermination, and Unresolved Scope",HIGH,"When competing models remain observationally equivalent but recommend different irreversible actions, what answer status and decision boundary are justified?",REGISTERED,UNEXAMINED,UNEXAMINED,UNEXAMINED,,,,,,,2,6,,,False,REGISTRY_ROUTE_ONLY; UNEXAMINED PRESERVED
IC-UNR-003,UNR,"Identification, Underdetermination, and Unresolved Scope",FOUNDATIONAL,When should a question be marked OUTSIDE_ARCHIVE_SCOPE rather than forced into an incomplete or unsafe formalization?,REGISTERED,UNEXAMINED,UNEXAMINED,UNEXAMINED,,,,,,,2,0,,,False,REGISTRY_ROUTE_ONLY; UNEXAMINED PRESERVED
IC-UNR-004,UNR,"Identification, Underdetermination, and Unresolved Scope",HIGH,How can an unresolved result caused by insufficient evidence be distinguished from one caused by conceptual incoherence or an ill-posed question?,REGISTERED,UNEXAMINED,UNEXAMINED,UNEXAMINED,,,,,,,2,0,,,False,REGISTRY_ROUTE_ONLY; UNEXAMINED PRESERVED
IC-UNR-005,UNR,"Identification, Underdetermination, and Unresolved Scope",FOUNDATIONAL,When does normative disagreement prevent a justified scalar ranking even when every empirical quantity is identified?,REGISTERED,UNEXAMINED,UNEXAMINED,UNEXAMINED,,,,,,,2,0,,,False,REGISTRY_ROUTE_ONLY; UNEXAMINED PRESERVED
IC-UNR-006,UNR,"Identification, Underdetermination, and Unresolved Scope",HIGH,Under what conditions should conflicting valid examinations be preserved without selecting a controlling answer?,REGISTERED,UNEXAMINED,UNEXAMINED,UNEXAMINED,,,,,,,2,0,,,False,REGISTRY_ROUTE_ONLY; UNEXAMINED PRESERVED
IC-UNR-007,UNR,"Identification, Underdetermination, and Unresolved Scope",HIGH,How should uncertainty be represented when no credible probability distribution or bounded ambiguity set can be justified?,REGISTERED,UNEXAMINED,UNEXAMINED,UNEXAMINED,,,,,,,2,0,,,False,REGISTRY_ROUTE_ONLY; UNEXAMINED PRESERVED
IC-UNR-008,UNR,"Identification, Underdetermination, and Unresolved Scope",MEDIUM,"What new evidence, model result, or normative rule would justify superseding an UNRESOLVED or non-decisive answer status?",REGISTERED,UNEXAMINED,UNEXAMINED,UNEXAMINED,,,,,,,2,0,,,False,REGISTRY_ROUTE_ONLY; UNEXAMINED PRESERVED
