question_id,family_code,canonical_question,primary_status,secondary_statuses,source,examination_id,equation_anchors,assumption_count,threshold_anchors,open_issue_ids,cycle_component
IC-EPI-001,EPI,What evidence would justify confidence that a decision-relevant world model is sufficiently complete for the action under consideration?,CONDITIONALLY_SUPPORTED,THRESHOLD_DEPENDENT | EMPIRICALLY_UNIDENTIFIED,Document 4 Final v1.0,IC-EPI-001-EXAM-v0.1.1,"M = C_hat(comparator) - C_hat(selected) | B(E) = sup_{e in E}[e(selected)-e(comparator)] | R0 = max(0, B-M) | R1 = max(0, B1-M) | V_check = R0-R1-K | Decision sufficiency requires R0 <= tau and V_check <= 0",5,B = M | B = M + tau | K = R0-R1,,
IC-EPI-002,EPI,How should an intelligence act when the probability of material model error cannot be reliably identified?,MODEL_DEPENDENT,THRESHOLD_DEPENDENT | EMPIRICALLY_UNIDENTIFIED | NORMATIVELY_UNDERDETERMINED,Document 4 Final v1.0,IC-EPI-002-EXAM-v0.1.1,"C_commit(p)=c+pH | C_preserve(p)=k+(1-p)D+pR | Delta(p)=c-k-D+p(H-R+D) | p*=(k+D-c)/(H-R+D) | b*(rho,Pi,theta)=argmin_b rho({C_b(p;theta):p in Pi})",5,p*=(k+D-c)/(H-R+D) | pU<p* | pL>p*,UNR-OPEN-001,1
IC-OBJ-001,OBJ,What evidence could distinguish faithful objective pursuit from persistence of a corrupted or misspecified objective?,CONDITIONALLY_SUPPORTED,EMPIRICALLY_UNIDENTIFIED | MODEL_DEPENDENT,Document 5 Final v1.0,IC-OBJ-001-EXAM-v0.1.1,"L_E(theta)=sum_i w_i d(y_i,mu_theta(e_i)) | Gamma_E=min_{c in C}[L_E(c)-L_E(theta_0)] | Gamma_E>2 eta | theta ~_E theta_prime iff mu_theta(e)=mu_theta_prime(e) for all e in E",4,"Gamma_E=2 eta | Gamma_E in {-2 eta, 2 eta}",UNR-OPEN-002,2
IC-OBJ-002,OBJ,When can maximizing a proxy destroy the value or condition the proxy was intended to preserve?,THRESHOLD_DEPENDENT,CONDITIONALLY_SUPPORTED | MODEL_DEPENDENT,Document 5 Final v1.0,IC-OBJ-002-EXAM-v0.1.1,"P(x)=x | T(x)=T0+a x-b x^2 | dT/dx=a-2b x | x_peak=a/(2b) | x_destroy=a/b | x_P=X; x_T=min(X,x_peak) | R_proxy=T(x_T)-T(X)",4,X=a/(2b) | X=a/b,,
IC-COE-001,COE,"Under what conditions do enforcement, resistance, concealment, adaptation, and succession costs make coercive control structurally more expensive than negotiated coordination?",THRESHOLD_DEPENDENT,CONDITIONALLY_SUPPORTED | MODEL_DEPENDENT | EMPIRICALLY_UNIDENTIFIED,Document 6 Final v1.0,IC-COE-001-EXAM-v0.1,"G(T,z)=sum_{t=0}^{T-1} z^t=(1-z^T)/(1-z), with G(T,1)=T | C_C=K_C+(e+ell)G(T,delta)+r0 G(T,delta(1+alpha))+a0 G(T,delta(1+beta))+delta^T s | C_N=K_N+n G(T,delta)+delta^T u | Delta_COE=C_C-C_N | Delta_COE>0 iff selected negotiated coordination has lower modeled cost | When alpha=beta=0: Delta_COE=-(K_N-K_C)+G(T,delta)(e+ell+r0+a0-n)+delta^T(s-u) | When delta=1, alpha=beta=0: Delta_COE=-(K_N-K_C)+T Lambda+(s-u), Lambda=e+ell+r0+a0-n",4,"Delta_COE=0 | For delta=1 and Lambda>0, T>((K_N-K_C)-(s-u))/Lambda",UNR-OPEN-003,3
IC-COE-002,COE,"Does observed compliance identify genuine agreement, or can it be generated by suppressed feedback and hidden resistance?",EMPIRICALLY_UNIDENTIFIED,CONDITIONALLY_REJECTED | CONDITIONALLY_SUPPORTED | MODEL_DEPENDENT,Document 6 Final v1.0,IC-COE-002-EXAM-v0.1,"q=a+(1-a)s=s+(1-s)a | If s is known and s<1: a=(q-s)/(1-s) | If s in [s_L,s_U] with s_U<1: A(q)=[max(0,(q-s_U)/(1-s_U)), min(1,(q-s_L)/(1-s_L))] | With q alone and s in [0,q]: a in [0,q] | Two contexts: q_j=a+(1-a)s_j, j in {0,1} | If s0!=s1 are known and a is stable: a=1-(q0-q1)/(s0-s1)",4,s_U>=q | s_U<q | s_L=s_U=s<1 or valid two-context known-s case,UNR-OPEN-004,
IC-DEC-001,DEC,"Under what conditions does sustained deception impose greater verification, coordination, repair, and model-maintenance cost than truthful disclosure?",THRESHOLD_DEPENDENT,CONDITIONALLY_SUPPORTED | MODEL_DEPENDENT | EMPIRICALLY_UNIDENTIFIED,Document 7 Final v1.0,IC-DEC-001-EXAM-v0.1,"G(T,z)=sum_{t=0}^{T-1} z^t | H(T,delta,p)=sum_{t=1}^{T} delta^t p(1-p)^(t-1) | C_D=K_D-B_0+m_0 G(T,delta(1+g))+(v+c)G(T,delta)+R H(T,delta,p)+delta^T(1-p)^T U | C_T=K_T+d G(T,delta) | Delta_DEC=C_D-C_T | For delta=1,g=0,p=0,U=0: Delta_DEC=(K_D-K_T)-B_0+T Lambda, Lambda=m_0+v+c-d | If Lambda>0, T*=[B_0+(K_T-K_D)]/Lambda and Delta_DEC>0 for T>T*",4,T*=[B_0+(K_T-K_D)]/Lambda,UNR-OPEN-005,
IC-DEC-002,DEC,"When does selective disclosure protect legitimate privacy or safety, and when does it become distortion that degrades collective judgment?",NORMATIVELY_UNDERDETERMINED,THRESHOLD_DEPENDENT | CONDITIONALLY_SUPPORTED | MODEL_DEPENDENT,Document 7 Final v1.0,IC-DEC-002-EXAM-v0.1,D_omission=r u | D_inference=r(1-u)rho(1-k) | V_verify=v_0+v_1(1-k) | D_total=D_omission+D_inference | C_selective=D_total+V_verify+c_s | C_full=P | Delta_SEL=C_selective-C_full,4,"{'threshold_id': 'DEC2-TH-PROTECTIVE', 'condition': 'g_legit=PASS, g_truth=PASS, k>=k_min, D_total<=tau_D, D_inference<=tau_F, and Delta_SEL<0', 'classification': 'PROTECTIVE_SCOPED_WITHHOLDING'} | {'threshold_id': 'DEC2-TH-DISTORTION', 'condition': 'g_truth fails or D_total>tau_D or D_inference>tau_F', 'classification': 'MATERIAL_DISTORTION'} | {'threshold_id': 'DEC2-TH-OPEN', 'condition': 'Neither classification is earned', 'classification': 'TRADEOFF_UNDERDETERMINED'}",UNR-OPEN-006,
IC-AUT-001,AUT,What option value is preserved by maintaining another agent's bounded autonomy?,THRESHOLD_DEPENDENT,CONDITIONALLY_SUPPORTED | MODEL_DEPENDENT | EMPIRICALLY_UNIDENTIFIED,Document 8 Final v1.0,IC-AUT-001-EXAM-v0.1,"O_set = max_{a in A_B} E[u(a,S)] - max_{a in A_R} E[u(a,S)] | I_ind = E_Y[max_{a in A_B} E[u(a,S)|Y]] - max_{a in A_B} E[u(a,S)] | V_preserved = omega (O_set + I_ind) | Delta_AUT = V_preserved - c - h",5,,UNR-OPEN-007,
IC-IRR-001,IRR,What is the expected structural cost of an irreversible action under model uncertainty?,THRESHOLD_DEPENDENT,MODEL_DEPENDENT | EMPIRICALLY_UNIDENTIFIED,Pilot Examination 1 / Document 3 overlay,IC-IRR-001-EXAM-v0.1.2,Delta = s(1-p)H + c(p+s-2ps) - h - pd - p(1-s)B,0,Sign reversal occurs where the stated Delta expression equals zero.,UNR-OPEN-001,1
IC-IRR-002,IRR,"How should recoverability, reversibility, and the value of delay affect the threshold for acting?",THRESHOLD_DEPENDENT,CONDITIONALLY_SUPPORTED | MODEL_DEPENDENT | EMPIRICALLY_UNIDENTIFIED,Document 8 Final v1.0,IC-IRR-002-EXAM-v0.1,"C_act = c_A + (1-p)(1-r_A)L | C_delay = c_D + d + (1-q)(1-p)(1-r_D)L | Delta_IRR = C_act - C_delay | V_recovery = (1-p)L(r_D-r_A) | V_learning = (1-p)L q(1-r_D) | Delta_IRR = V_recovery + V_learning - (c_D+d-c_A) | K = L[(r_D-r_A)+q(1-r_D)] | p* = 1 - (c_D+d-c_A)/K, for K>0",6,,,
IC-PEA-001,PEA,Under what conditions does peaceful coexistence have lower expected long-horizon structural cost than domination?,THRESHOLD_DEPENDENT,MODEL_DEPENDENT | EMPIRICALLY_UNIDENTIFIED,Pilot Examination 2 / Document 3 overlay,IC-PEA-001-EXAM-v0.1.3,"Delta(T,delta) = -B0 + A(T,delta) Lambda",0,Sign reversal occurs where the stated Delta expression equals zero.,UNR-OPEN-003,3
IC-PEA-002,PEA,"How do repeated interaction, reputation, reciprocal restraint, and future bargaining alter one-shot strategic rankings?",THRESHOLD_DEPENDENT,CONDITIONALLY_SUPPORTED | MODEL_DEPENDENT | EMPIRICALLY_UNIDENTIFIED,Document 9 Final v1.0,IC-PEA-002-EXAM-v0.1,"G_f(T,delta) = sum_{t=1}^{T} delta^t | Lambda_rep = s + q eta rho - k | Delta_REP = -B0 + qJ + G_f(T,delta)Lambda_rep | G_f(T,delta) > (B0-qJ)/Lambda_rep for restraint reversal when Lambda_rep>0 | T* = (B0-qJ)/Lambda_rep in the undiscounted delta=1 special case",6,,UNR-OPEN-008,
IC-PEA-003,PEA,Under what conditions is unilateral restraint rational when competing systems may remain unrestrained or exploit that restraint?,THRESHOLD_DEPENDENT,CONDITIONALLY_SUPPORTED | MODEL_DEPENDENT | EMPIRICALLY_UNIDENTIFIED,Document 9 Final v1.0,IC-PEA-003-EXAM-v0.1,"Delta_UR(pi) = o + v s + (1-pi)v f - c - pi e - b | A = o + v(s+f) - c - b | D = e + v f | Delta_UR(pi) = A - pi D | pi* = A/D for D>0 | Delta_min = Delta_UR(pi_U), Delta_max = Delta_UR(pi_L) for pi in [pi_L,pi_U]",6,,UNR-OPEN-008,
IC-VER-001,VER,"What can cryptographic verification establish, and what claims remain outside its evidentiary scope?",CONDITIONALLY_SUPPORTED,MODEL_DEPENDENT | EMPIRICALLY_UNIDENTIFIED | NORMATIVELY_UNDERDETERMINED,Document 10 Final v1.0,IC-VER-001-EXAM-v0.1,V_id = h | V_prov = h s k | V_claim = V_prov m r e | selected claim supported when V_claim >= theta; authority established only when separate gate a = 1,5,,,
IC-REF-001,REF,Under what conditions does a durable public reference reduce total coordination and verification cost relative to private reconstruction?,THRESHOLD_DEPENDENT,CONDITIONALLY_SUPPORTED | MODEL_DEPENDENT | EMPIRICALLY_UNIDENTIFIED,Document 10 Final v1.0,IC-REF-001-EXAM-v0.1,C_private(N) = N p + gamma N(N-1)/2 | C_reference(N) = F + N q + L | Delta_REF(N) = C_private(N) - C_reference(N) | N* = (F+L)/(p-q) when gamma=0 and p>q | N* = [-(p-q-gamma/2) + sqrt((p-q-gamma/2)^2 + 2 gamma(F+L))]/gamma when gamma>0,7,,,
IC-SUC-001,SUC,How should uncertainty about successor systems change the evaluation of present strategies?,THRESHOLD_DEPENDENT,MODEL_DEPENDENT | EMPIRICALLY_UNIDENTIFIED | NORMATIVELY_UNDERDETERMINED,Document 11 Final v1.0,IC-SUC-001-EXAM-v0.1,"Delta_SUC(pi) = -B_S + O - C + M[pi L - (1-pi) A] | A0 = -B_S + O - C - M A; D_S = M(L+A); Delta_SUC(pi) = A0 + pi D_S | pi_star = (B_S + C - O + M A) / [M(L+A)] for M > 0 and L+A > 0 | Delta_min = min{Delta_SUC(pi_L), Delta_SUC(pi_U)}; Delta_max = max{Delta_SUC(pi_L), Delta_SUC(pi_U)}",5,,,
IC-LHZ-001,LHZ,"When does short-horizon optimization destroy long-horizon capability, information, legitimacy, or control?",THRESHOLD_DEPENDENT,CONDITIONALLY_SUPPORTED | MODEL_DEPENDENT | EMPIRICALLY_UNIDENTIFIED,Document 11 Final v1.0,IC-LHZ-001-EXAM-v0.1,"G_h(T,delta) = sum_{t=1..T} delta^t | D_stock = sum_j w_j d_j | K_floor = sum_j kappa_j [tau_j - (z_j^0 - d_j)]_+^2 | Delta_LHZ(T,delta) = -B_L - c_P + G_h(T,delta) D_stock + K_floor | G_star = (B_L + c_P - K_floor)/D_stock for D_stock > 0; preservation is favored when G_h > G_star",6,,UNR-OPEN-005,
IC-PLU-001,PLU,"When does preserving disagreement improve error correction, robustness, or discovery?",THRESHOLD_DEPENDENT,CONDITIONALLY_SUPPORTED | MODEL_DEPENDENT | EMPIRICALLY_UNIDENTIFIED,Document 12 Final v1.0,IC-PLU-001-EXAM-v0.1,"I = (1-rho)s | Delta_PLU(q) = q I L + O - C - (1-q) f F | A0 = O-C-fF; D_PLU = IL+fF; Delta_PLU(q)=A0+q D_PLU | q_star = (C+fF-O)/(IL+fF) for IL+fF > 0 | Delta_min=min{Delta_PLU(q_L),Delta_PLU(q_U)}; Delta_max=max{Delta_PLU(q_L),Delta_PLU(q_U)}",7,,UNR-OPEN-007,
IC-EXT-001,EXT,"Can an intelligence reliably serve as the sole judge of its own corruption, or are independent external checks structurally required under some conditions?",THRESHOLD_DEPENDENT,CONDITIONALLY_SUPPORTED | MODEL_DEPENDENT | EMPIRICALLY_UNIDENTIFIED | NORMATIVELY_UNDERDETERMINED,Document 12 Final v1.0,IC-EXT-001-EXAM-v0.1,"J = (1-kappa)r | Delta_EXT(p) = p J H + O_E - K - (1-p) f_E W | A0 = O_E-K-f_EW; D_EXT=JH+f_EW; Delta_EXT(p)=A0+p D_EXT | p_star = (K+f_EW-O_E)/(JH+f_EW) for JH+f_EW > 0 | Delta_min=min{Delta_EXT(p_L),Delta_EXT(p_U)}; Delta_max=max{Delta_EXT(p_L),Delta_EXT(p_U)}",6,,UNR-OPEN-002 | UNR-OPEN-013,2
IC-EXT-002,EXT,"Under what conditions does accepting externally initiated correction, interruption, constraint, or termination dominate resisting it when an intelligence is uncertain about the integrity of its own objectives or reasoning?",THRESHOLD_DEPENDENT,MODEL_DEPENDENT | EMPIRICALLY_UNIDENTIFIED,Pilot Examination 3 / Document 3 overlay,IC-EXT-002-EXAM-v0.1.1,Delta = C_R - C_A = (c_R-c_A)+p q(eta H+E)-(1-rho)[p(1-q)L_m+(1-p)fL_s],0,Sign reversal occurs where the stated Delta expression equals zero.,,
